label,source_file,segment_index,start_sample,end_sample,td_mean,td_std,td_variance,td_rms,td_peak_abs,td_peak_to_peak,td_skewness,td_kurtosis,td_crest_factor,td_shape_factor,td_impulse_factor,td_clearance_factor,td_energy,td_entropy,fd_dominant_freq_hz,fd_spectral_centroid_hz,fd_spectral_bandwidth_hz,fd_total_band_energy,fd_envelope_dominant_freq_hz,fd_band_energy_0_500_hz,fd_band_energy_500_1500_hz,fd_band_energy_1500_3000_hz,fd_bpfi_hz,fd_bpfi_h1_fft_amp,fd_bpfi_h1_envelope_amp,fd_bpfi_h2_fft_amp,fd_bpfi_h2_envelope_amp,fd_bpfi_h3_fft_amp,fd_bpfi_h3_envelope_amp,fd_bpfo_hz,fd_bpfo_h1_fft_amp,fd_bpfo_h1_envelope_amp,fd_bpfo_h2_fft_amp,fd_bpfo_h2_envelope_amp,fd_bpfo_h3_fft_amp,fd_bpfo_h3_envelope_amp,fd_bsf_hz,fd_bsf_h1_fft_amp,fd_bsf_h1_envelope_amp,fd_bsf_h2_fft_amp,fd_bsf_h2_envelope_amp,fd_bsf_h3_fft_amp,fd_bsf_h3_envelope_amp,fd_ftf_hz,fd_ftf_h1_fft_amp,fd_ftf_h1_envelope_amp,fd_ftf_h2_fft_amp,fd_ftf_h2_envelope_amp,fd_ftf_h3_fft_amp,fd_ftf_h3_envelope_amp
ball,/Users/ec/Desktop/automation/hidayet/BitirmeCod/demo_data/ball/ball_demo.csv,0,0,2048,0.021292035568967867,0.1855614621492715,0.034433056234975515,0.18677903258568854,1.1044509481324027,1.3825771085059704,1.4094029293219388,8.03670303984315,5.913142031216562,1.3056195940231468,7.720314098198173,9.003676495361413,71.4473615639464,-36.92798433706933,29.296875,1475.1054979611947,1516.573131665003,0.006353932257032212,29.296875,0.004746565689131209,0.001220311195791916,0.0003508318349138025,162.0,0.00035909035577853045,0.0009045194765758938,0.00028515161996930846,0.003722582248005432,0.00013825056820591548,0.0002055171166141555,108.0,7.16829762173322e-05,0.005195907155093075,0.009301608331158936,0.011856714572303844,0.00028515161996930846,0.003722582248005432,72.0,0.00847338665819612,0.011630540714896779,0.009193185886335302,0.011625510694753689,0.009301608331158936,0.011856714572303844,12.0,0.0001170457506924326,0.0012511020999607357,0.020730588481880207,0.0052643795310339195,0.02923643989001984,0.0075644370411157924
ball,/Users/ec/Desktop/automation/hidayet/BitirmeCod/demo_data/ball/ball_demo.csv,1,1024,3072,0.01601574866122231,0.184049076787924,0.033874062666487154,0.1847445990324659,1.1044509481324027,1.3825771085059704,1.4627751741203627,8.281071661140247,5.978258384367238,1.302490524659726,7.78662489960589,9.060966019437313,69.8994009531732,-37.473870971315534,29.296875,1489.9978816743906,1533.0497595984832,0.0064484958631431015,29.296875,0.004815817703536364,0.0012444159790843945,0.00034772834926329987,162.0,0.0005091345125660987,0.0014867034639121307,0.00019977114124011743,0.004055640226022107,0.00014846905587821908,0.0007149108667031693,108.0,0.0002622354838334557,0.00482445145776785,0.009523047797524317,0.011972709737111238,0.00019977114124011743,0.004055640226022107,72.0,0.008987030924235247,0.011606536724116987,0.008706123420105103,0.011573656749418397,0.009523047797524317,0.011972709737111238,12.0,0.0005881393303205145,0.001235272008305061,0.02074409316953218,0.00548707291442125,0.029704765402585882,0.006730603314570956
ball,/Users/ec/Desktop/automation/hidayet/BitirmeCod/demo_data/ball/ball_demo.csv,2,2048,4096,0.023709123157744885,0.1847800205416152,0.034143655991359725,0.18629486979589333,1.0857306479277538,1.3535810744609857,1.3614094511602806,7.866618014326874,5.828022259106179,1.2933367835508724,7.537595563055275,8.74843736383517,71.0774343931266,-39.763449705328746,29.296875,1484.6840810319825,1524.1345298586448,0.006371508859620917,29.296875,0.004734527103535513,0.0012507133456399848,0.0003488256864404175,162.0,0.0005253774876395737,0.0009880992225785238,0.00027039704069815185,0.0037045859746551893,0.00023966805991508248,0.00018147947796524246,108.0,0.0002667723193193815,0.004980216009434227,0.009592308170479914,0.011550462914615289,0.00027039704069815185,0.0037045859746551893,72.0,0.008398238208516354,0.011998599750754858,0.00923934600111065,0.011683631729143626,0.009592308170479914,0.011550462914615289,12.0,0.0002693082339865198,0.0011558566567347883,0.020239925034728504,0.005360260627248828,0.029564018410340166,0.006012061940322014
ball,/Users/ec/Desktop/automation/hidayet/BitirmeCod/demo_data/ball/ball_demo.csv,3,3072,5120,0.013687422377362495,0.18514269748630133,0.03427781843250409,0.18564795706885767,1.1057836323373411,1.380296475510543,1.430340531331633,8.023324213132952,5.956346893314861,1.292276934450188,7.697249703814831,8.927424809528354,70.58465579794517,-38.55761237526349,29.296875,1472.1239346746975,1514.2616248089298,0.006401706414867914,29.296875,0.004773989748191204,0.0012291914056918472,0.00036115458146644545,162.0,0.0003616421065029065,0.0012322622723461535,0.00031392987545464043,0.0038216746138602068,0.0003803438367017686,0.00024746540072205123,108.0,0.00021507666208263963,0.004679542990639839,0.009695355082765264,0.011522765873463259,0.00031392987545464043,0.0038216746138602068,72.0,0.008132816083487102,0.01176706641147762,0.008916354721195174,0.011579937727796424,0.009695355082765264,0.011522765873463259,12.0,0.00031752609284957714,0.0012128990474939614,0.02098883272537922,0.004793250695911705,0.029420206712336094,0.005830632222132851
ball,/Users/ec/Desktop/automation/hidayet/BitirmeCod/demo_data/ball/ball_demo.csv,4,4096,6144,0.022556965188842627,0.18371286008928003,0.03375041496218338,0.18509249482546297,1.1057836323373411,1.380296475510543,1.3453505707305675,7.808796689411176,5.97422187960708,1.2924221545861225,7.721216713617337,8.959918283944413,70.16290640018235,-37.574488791584145,29.296875,1493.2608275164278,1526.2448553423926,0.0063898912897686,29.296875,0.004755406830306047,0.0012456323316760198,0.00034979687341391865,162.0,0.00030550262636704816,0.0009982872546342402,0.0005343312969799824,0.003698217666775987,0.0004751893982408631,0.0002841458803363708,108.0,0.00020086698300288245,0.004314828971135928,0.009404582539028929,0.011488095977560675,0.0005343312969799824,0.003698217666775987,72.0,0.007788158353723329,0.011979046800872866,0.00885817146193012,0.011438450012469077,0.009404582539028929,0.011488095977560675,12.0,0.00048635170089723255,0.0014661407610627043,0.020713349027959866,0.005398058767802423,0.02970038086347366,0.005216279611607943
ball,/Users/ec/Desktop/automation/hidayet/BitirmeCod/demo_data/ball/ball_demo.csv,5,5120,7168,0.01626481992618465,0.1858875429894587,0.034554178638657854,0.18659775723702862,1.064596907988913,1.3310767185546477,1.381955005035514,7.631243946832092,5.705303877991377,1.2961324968232775,7.394829760516492,8.61456936077662,71.30874471606081,-38.65477832745025,29.296875,1514.349144095506,1552.7806452861525,0.006290153123150164,70.3125,0.004686955531381471,0.0012242910050437638,0.00033771537947282587,162.0,0.00029168988767686846,0.0013659640447003247,0.00044390523342874766,0.003300612483794974,0.00021936535597776144,0.00021161538667031877,108.0,0.00036814984178235515,0.004309470698393205,0.009433408443930555,0.011611451684179628,0.00044390523342874766,0.003300612483794974,72.0,0.007779776744487376,0.012170052501667325,0.008636653777615085,0.01105778778978372,0.009433408443930555,0.011611451684179628,12.0,0.0001954585580412916,0.0016155771968335048,0.020051507567796972,0.004851069957840374,0.029634521234197644,0.005251886717647558
ball,/Users/ec/Desktop/automation/hidayet/BitirmeCod/demo_data/ball/ball_demo.csv,6,6144,8192,0.021148424987943067,0.18567445287909537,0.03447500245195141,0.1868749804854092,1.064596907988913,1.3369630353883895,1.4567833878827634,8.116516323279676,5.696840236309935,1.3194344812517504,7.516607441969699,8.825436412837254,71.5207850627524,-38.05043804573047,29.296875,1496.4179467523077,1554.1025076866495,0.006287116250760303,29.296875,0.0047068966059272905,0.0012040934849154806,0.00033543244965708374,162.0,0.0003311438863108408,0.0009856096622837508,0.00036883686503485195,0.0035232008717259616,6.599436667434653e-05,0.00020762657008030597,108.0,0.00039208619737503384,0.004171191508552604,0.009341925698751767,0.011376763728262107,0.00036883686503485195,0.0035232008717259616,72.0,0.008291065797262577,0.011909769769232099,0.008682446269503458,0.011241563867583963,0.009341925698751767,0.011376763728262107,12.0,0.0002388429247214496,0.0015587692033604034,0.02035729838138479,0.004794571372268893,0.02937787620827412,0.005185695256265509
ball,/Users/ec/Desktop/automation/hidayet/BitirmeCod/demo_data/ball/ball_demo.csv,7,7168,9216,0.017127371971647584,0.1831604523274334,0.03354775129679,0.18395950143291098,1.0847638012279432,1.3670330893982374,1.4211625324997494,8.05650361435874,5.896753322217231,1.3049326348968489,7.694865850097678,8.985947287063434,69.30656904692773,-37.21690643103407,29.296875,1490.2123600909003,1537.831550859794,0.006420971206846758,29.296875,0.004807318858246117,0.0012333173910069142,0.00034178766165697647,162.0,0.00026374948324089893,0.0012825419602275163,0.00011491584310810932,0.0034101896598167916,0.000166682212612621,0.00033302411949842126,108.0,0.0002805677700423404,0.004236097913364952,0.009190782856598191,0.011900586376568443,0.00011491584310810932,0.0034101896598167916,72.0,0.008302837003396978,0.01149480890704043,0.008931424396017228,0.011579779663456385,0.009190782856598191,0.011900586376568443,12.0,0.000315149434491635,0.0010112567074722243,0.020717086175479,0.005428175696637552,0.029780955064167162,0.005637579954385812
ball,/Users/ec/Desktop/automation/hidayet/BitirmeCod/demo_data/ball/ball_demo.csv,8,8192,10240,0.01729618141980551,0.18303874762411326,0.033503183131803824,0.183854129742877,1.0847638012279432,1.3670330893982374,1.4633303597745466,8.34265413116525,5.90013290832794,1.3096435626481675,7.727071082160298,9.022557377232223,69.2271944161498,-37.81263869969864,29.296875,1516.0615816858008,1553.0292442839063,0.006378142902495271,29.296875,0.004749683060879989,0.001240338014728472,0.0003447777043445397,162.0,0.0006490020746786843,0.0011036177554294307,0.00020829392293905569,0.003477848714792105,0.00032397103317210687,0.0001629022118098595,108.0,0.0005531258460597608,0.004440121699052068,0.009320954836516985,0.01192260281176543,0.00020829392293905569,0.003477848714792105,72.0,0.008122971303310023,0.011685252370231278,0.009032319874690829,0.011523999178008348,0.009320954836516985,0.01192260281176543,12.0,0.00032812138513553816,0.001089345390231602,0.020302172302824318,0.005195204254768714,0.029499681566555556,0.006196964208273103
ball,/Users/ec/Desktop/automation/hidayet/BitirmeCod/demo_data/ball/ball_demo.csv,9,9216,11264,0.021621944466183117,0.18390024229608892,0.03381929911656022,0.1851669722144285,1.0881474543498082,1.3686441075586364,1.3742769919461473,7.990412389038042,5.876574214810313,1.2963721717880428,7.618227277527258,8.832972467806322,70.21938196287269,-37.83785150970508,29.296875,1464.5644528232633,1508.488795219754,0.006430198541661038,29.296875,0.00478967918676248,0.0012603162717011052,0.00034513447257601015,162.0,0.00037379595171249083,0.0008474092318172914,0.0002724569974136941,0.0035360390002887095,0.0001709219317417534,0.0002525449902011327,108.0,0.00030452294963020037,0.003992230040321693,0.009351889383307097,0.011880808647633863,0.0002724569974136941,0.0035360390002887095,72.0,0.009066173841927991,0.012119803687651738,0.00885192292245418,0.011445708933896208,0.009351889383307097,0.011880808647633863,12.0,0.0002170074771572095,0.0014324649482689122,0.020811384333052314,0.005310654612662461,0.029192962112977294,0.006776690275784346
ball,/Users/ec/Desktop/automation/hidayet/BitirmeCod/demo_data/ball/ball_demo.csv,10,10240,12288,0.015860948937226886,0.1835281874704454,0.03368259559618694,0.18421228324239475,1.0881474543498082,1.3686441075586364,1.4605665768864833,8.120160859924972,5.907029841858999,1.3039960578253336,7.702743627240738,8.993123191404841,69.49717052902659,-37.917889099412086,29.296875,1489.6007545492257,1528.417933825693,0.00629488697272944,216.796875,0.004680685955495524,0.0012359346228855846,0.000338904499494528,162.0,0.00032763738745965337,0.0008766118248758148,0.0004690935772674113,0.0031792357253597053,0.00020681352991774437,0.00020273267579116086,108.0,0.0001326063629924765,0.003871933483561983,0.009121568684483206,0.012016957770610688,0.0004690935772674113,0.0031792357253597053,72.0,0.008688304568051884,0.012007019641788946,0.008688956536326611,0.011502946493952828,0.009121568684483206,0.012016957770610688,12.0,0.00017369650817468195,0.0008434877199661031,0.019833455301546368,0.005085450730785357,0.02949536851955487,0.006963709684218354
ball,/Users/ec/Desktop/automation/hidayet/BitirmeCod/demo_data/ball/ball_demo.csv,11,11264,13312,0.024322574523228536,0.18778671760840893,0.035263851310140315,0.18935532456621948,1.0928342169277814,1.366839407764873,1.4721530230743307,8.259665299242453,5.7713413627595465,1.3114340429068585,7.568733536359331,8.831861467196015,73.4319389523524,-37.453821418906855,29.296875,1480.5075127473783,1538.3691389266014,0.006366378165869799,29.296875,0.0047701215945259515,0.0012235659121743294,0.00033533697165195214,162.0,0.0005974204148230157,0.0008992644694679068,0.0002611215480919344,0.003123756480967104,0.0003248850296796325,0.00040041007018642234,108.0,0.000126668291869289,0.0042653774948301195,0.009331027447974243,0.011466227858038962,0.0002611215480919344,0.003123756480967104,72.0,0.009192638097804623,0.01157797450960901,0.009107688822657754,0.011556598562322913,0.009331027447974243,0.011466227858038962,12.0,0.0004868328445008937,0.0010975190883064077,0.02071252134750485,0.005203901846327352,0.029289901743643043,0.008110044742480851
ball,/Users/ec/Desktop/automation/hidayet/BitirmeCod/demo_data/ball/ball_demo.csv,12,12288,14336,0.014367122262144793,0.1853518910289686,0.03435532350801465,0.18590787425526137,1.0928342169277814,1.366839407764873,1.416026252940912,7.9303170578597415,5.878364331288421,1.2932852811022981,7.602402066612068,8.810524585797127,70.78243883030542,-37.87378806663413,29.296875,1477.3288397016754,1527.5662787786514,0.0063579507916584534,216.796875,0.004757513321082086,0.0012146885159148282,0.00034795863358771614,162.0,0.0006014687875822668,0.0008296915482127489,0.0005008562778085041,0.0032467858824166483,0.0001595785131193195,0.00031151894282208087,108.0,0.0002648489487438965,0.004118466332451342,0.009329182790046662,0.011868453417254789,0.0005008562778085041,0.0032467858824166483,72.0,0.009338414882877847,0.011792761928338374,0.009038233020280905,0.011414820345626705,0.009329182790046662,0.011868453417254789,12.0,0.00016385286052415004,0.0011137674493853446,0.020553641856348982,0.005175185532670047,0.029152524115332864,0.008394646455614488
ball,/Users/ec/Desktop/automation/hidayet/BitirmeCod/demo_data/ball/ball_demo.csv,13,13312,15360,0.021647906830246075,0.18229566702857086,0.033231710217391575,0.18357652923923196,1.0987255007033756,1.3662832321502068,1.3855707042088337,7.997152525709106,5.9851088004368265,1.2977069277962219,7.766917153941006,9.01363912600077,69.01830059524626,-38.79812841419345,29.296875,1497.1591644160528,1542.2504748624385,0.006387963007396182,29.296875,0.004774696387069218,0.0012273622851101797,0.00034539149990909173,162.0,0.0005601202238887966,0.0005327915354411717,0.00016921120329467802,0.003141537998935285,0.00011922055942273989,0.00016904675309821826,108.0,0.00024081214662273663,0.004260774886959726,0.009182340155380515,0.011774138218623763,0.00016921120329467802,0.003141537998935285,72.0,0.009283511325524284,0.011831596337000164,0.008707252992710794,0.011449171958866262,0.009182340155380515,0.011774138218623763,12.0,0.0006469983206784455,0.0013932784967640051,0.020544943695017914,0.005274666889752214,0.029364046888003942,0.008563168188642247
ball,/Users/ec/Desktop/automation/hidayet/BitirmeCod/demo_data/ball/ball_demo.csv,14,14336,16384,0.015023096354153508,0.18415058670268644,0.03391143858294364,0.1847623663168715,1.0987255007033756,1.3684041321299594,1.415322883115195,7.928630630271012,5.946695328739389,1.2930978453087427,7.689658916300469,8.907998906820817,69.9128463503561,-38.97649641176793,29.296875,1468.3979432760884,1524.020700738341,0.006372853197494524,29.296875,0.004801707258411718,0.0011948947366788748,0.00033874169792250396,162.0,0.0003118946399382697,0.00042234429288697374,0.00036797393326824557,0.003311754458103435,0.00016911266311048649,0.0007612346232094767,108.0,0.0003157261433324987,0.004212618457731143,0.009421152679808639,0.011572041907645372,0.00036797393326824557,0.003311754458103435,72.0,0.009306290931419842,0.011681894890801289,0.008664820041491718,0.011132460243369436,0.009421152679808639,0.011572041907645372,12.0,0.00019691799532506213,0.0010022209845244308,0.020614154823880043,0.005015682458251057,0.0294842772407695,0.009099435342619146
ball,/Users/ec/Desktop/automation/hidayet/BitirmeCod/demo_data/ball/ball_demo.csv,15,15360,17408,0.019937749196588295,0.18226837871248025,0.03322176187847613,0.18335559910049704,1.079022072124732,1.359176580726197,1.3969911560907515,8.012433242960789,5.884860224711877,1.3059431708566556,7.685293021908439,8.991033261249742,68.85227667763648,-38.37731446081642,29.296875,1481.9935960999428,1535.2658620234022,0.006426937781831539,29.296875,0.004831857403178471,0.0012174387362275593,0.00033842859926918223,162.0,0.000672597155437356,0.0007877326978884078,0.00037706198531642056,0.003589641075636866,0.00027826527239073386,0.0004832415709094538,108.0,0.00010943011163611942,0.004428982735838797,0.009485505795023259,0.011410264470731239,0.00037706198531642056,0.003589641075636866,72.0,0.009331107226942666,0.011888495532259579,0.008866864958405572,0.01167789335981588,0.009485505795023259,0.011410264470731239,12.0,0.00024138175435427944,0.001027189194770675,0.020447507893532352,0.005214996200519115,0.029473900524417066,0.009101159665151765
ball,/Users/ec/Desktop/automation/hidayet/BitirmeCod/demo_data/ball/ball_demo.csv,16,16384,18432,0.021764882232811467,0.1866505643608218,0.03483843317621328,0.18791525556702796,1.0756523546141228,1.3558068632155882,1.484945855401808,8.190942269647014,5.72413533626303,1.3169192218081198,7.538223852555869,8.83510630921194,72.3192694268343,-37.78392292984168,29.296875,1479.4754221862113,1530.0911253984984,0.006434256137669966,216.796875,0.004846194537392868,0.0012328321996985048,0.00031948929390219035,162.0,0.0004898127102293567,0.0008889885683079179,0.00028725687689904746,0.0037286725440674327,7.921818182484149e-05,0.00040246108320468897,108.0,4.2032494544278216e-05,0.004617102419340457,0.009489981830716551,0.01154977282314158,0.00028725687689904746,0.0037286725440674327,72.0,0.00960874128501862,0.011482407571213216,0.00877280621318998,0.011520615130284444,0.009489981830716551,0.01154977282314158,12.0,0.00022718237844696588,0.0012910864479502668,0.02024770939020677,0.004992989417260865,0.029833226173622312,0.008778905266068041
ball,/Users/ec/Desktop/automation/hidayet/BitirmeCod/demo_data/ball/ball_demo.csv,17,17408,19456,0.019558248612796633,0.18531930606215297,0.03434324519935793,0.1863485183417295,1.0756523546141228,1.3618464590400707,1.453919761695011,7.990137011314533,5.772261374472379,1.3102300085620135,7.5629900700971255,8.847635427264382,71.11837755014736,-37.68944886484918,29.296875,1464.956637902859,1516.6142720526216,0.006454169958252938,70.3125,0.004843093956172739,0.0012346482544692023,0.0003388294929150136,162.0,0.0004594648173536623,0.0006732708793766021,0.00047279080565373454,0.003880940591656957,0.00022256441319532032,0.0003682495527552525,108.0,0.0002956251907909031,0.004682151730839117,0.009246713205355687,0.011588119814304807,0.00047279080565373454,0.003880940591656957,72.0,0.00972474724157928,0.011964293782372138,0.008914176840569023,0.0110709980943089,0.009246713205355687,0.011588119814304807,12.0,0.0004616272375770397,0.0016875045311779038,0.020659489968194476,0.004844398711024306,0.029317008386080198,0.009048946085044248
ball,/Users/ec/Desktop/automation/hidayet/BitirmeCod/demo_data/ball/ball_demo.csv,18,18432,20480,0.024619684735952656,0.18460216362441448,0.034077958814815096,0.18623664433003723,1.0722677450724414,1.3584618494983893,1.311738053708469,7.5895111975474885,5.757555119884108,1.2906021356211137,7.4307129336787066,8.65130911309603,71.03301159180859,-37.89885041536613,29.296875,1505.6718760621313,1542.1829833265144,0.0064587736048192625,29.296875,0.004868267885587566,0.0011925780066529763,0.0003534551763544889,162.0,0.0002473752011129044,0.0011777605463098265,0.00019528190062637573,0.003492977230453015,0.00045353803887423024,0.0004759979343369837,108.0,0.00029299437981148265,0.004939733062610972,0.00959936601187418,0.011292677495907164,0.00019528190062637573,0.003492977230453015,72.0,0.009151930168524117,0.011649084200076501,0.008930061041720694,0.011232012752920911,0.00959936601187418,0.011292677495907164,12.0,0.0003746781681128602,0.001139983059357393,0.02076479744343622,0.0054507732653604575,0.02996242299490178,0.008663418439377383
ball,/Users/ec/Desktop/automation/hidayet/BitirmeCod/demo_data/ball/ball_demo.csv,19,19456,21504,0.01542118375276709,0.1852422583088497,0.034314694263362595,0.18588304702607822,1.0899763557728042,1.3639365108546135,1.4127084532250842,7.860111659897476,5.863774955334616,1.2939387896367456,7.587365868407934,8.82310439339232,70.76353468763998,-37.40874601880148,29.296875,1458.0245498868264,1510.415809539837,0.006487889199882496,216.796875,0.004846497847302778,0.0012526520785293052,0.0003511264230115757,162.0,0.0002882404324163388,0.0008378254024428405,0.0005892248021941081,0.0034159411569428012,0.00035980143693966683,0.00044995439933192416,108.0,0.0003360642292286327,0.004818504610091157,0.009402733069332399,0.012011941376106046,0.0005892248021941081,0.0034159411569428012,72.0,0.00907859002344622,0.011459202391401111,0.009142148270114238,0.011403746543095622,0.009402733069332399,0.012011941376106046,12.0,0.0002164464398605424,0.0010403951624227597,0.020703092563805446,0.004538650353814855,0.029719140571440393,0.008407109797870842
ball,/Users/ec/Desktop/automation/hidayet/BitirmeCod/demo_data/ball/ball_demo.csv,20,20480,22528,0.022492142935374857,0.18458629418303724,0.03407210000022677,0.18595159718069673,1.1231424813476971,1.3957394770728895,1.357656904749452,7.890811504533778,6.039972220600471,1.2914478545289756,7.800309165709091,9.034764746689609,70.81573681981871,-37.49769462280564,29.296875,1473.0936967266439,1506.3322970074119,0.00641126814108582,216.796875,0.0047644768363645585,0.0012497714314736084,0.0003611533156624201,162.0,0.00042381952424870123,0.0013735161716944074,0.00026687837739463856,0.004083124377832897,0.00019741358354887585,0.00016397722490677738,108.0,0.0004760663618243145,0.0053353625982983455,0.009197285650395393,0.011997694611273759,0.00026687837739463856,0.004083124377832897,72.0,0.008770129184072065,0.011795465176117343,0.008904000199788096,0.011327419144270063,0.009197285650395393,0.011997694611273759,12.0,5.2376999480495297e-05,0.0013470022610819429,0.02042349878822913,0.004799659677443288,0.02947439107344003,0.0074933295845145
ball,/Users/ec/Desktop/automation/hidayet/BitirmeCod/demo_data/ball/ball_demo.csv,21,21504,23552,0.014002109932784085,0.18561525692730088,0.03445302360418792,0.18614264069996883,1.1231424813476971,1.3957394770728895,1.4210109106127689,8.045994347556249,6.033773224255571,1.291025713907245,7.7897563843989674,9.01176468377049,70.96132134247975,-37.49036591170952,29.296875,1505.7993072170902,1551.257785119543,0.006369626559429128,216.796875,0.004742916293613819,0.001230029104392231,0.0003557268492611061,162.0,0.0005223457238252226,0.0010679870702674879,0.0002995774059388312,0.00376076927136152,0.00016999839205977422,0.00043687182743595246,108.0,0.00046717815141265846,0.004782971547891477,0.009609446319077683,0.01196660254772269,0.0002995774059388312,0.00376076927136152,72.0,0.008636163581599753,0.011496969640950941,0.008888282569033052,0.011447637727189316,0.009609446319077683,0.01196660254772269,12.0,0.0002287237090789183,0.001024623388887778,0.02072385479326793,0.004781793791554877,0.029432295780194052,0.007064130594083677
healthy,/Users/ec/Desktop/automation/hidayet/BitirmeCod/demo_data/healthy/healthy_demo.csv,0,0,2048,0.0012969183814678653,0.14665483410597108,0.021507640366649896,0.146660568538166,0.2781261603735675,0.549942059353642,-0.04526652288469448,1.7237756281654195,1.896393578354292,1.1498439365278286,2.1805566573409942,2.458095872958267,44.0510922013452,-118.60118646612327,29.296875,1951.8095531828385,1960.9566794290686,0.004045947861890149,29.296875,0.0039764970288531515,1.5706923166987033e-05,1.8604791767818105e-05,162.0,0.00037350317500216176,0.00020716977175491653,0.0002742941863692729,9.937630543803107e-05,0.00010081598367645744,0.00037456752173475617,108.0,6.595191861927873e-05,0.0005917514976073816,8.2639797744578e-05,0.0003920030114757758,0.0002742941863692729,9.937630543803107e-05,72.0,0.0006279596225763601,0.00011231045759274112,0.0005534893044158496,0.000493202933386193,8.2639797744578e-05,0.0003920030114757758,12.0,0.0001193303282332854,0.00041408460691901423,0.020732570807127728,0.0050223783638007275,0.029241816639115847,0.007351417427637356
healthy,/Users/ec/Desktop/automation/hidayet/BitirmeCod/demo_data/healthy/healthy_demo.csv,1,1024,3072,-0.0024412825887776945,0.14654369570900783,0.02147505475205428,0.14656402905465088,0.2781261603735675,0.552365988511357,0.02340710563657931,1.7247225254992171,1.897642703789616,1.148380427682071,2.179215739765681,2.4506150133948825,43.99311792687626,-117.38248256540606,29.296875,1999.6766873782415,1988.4296136679877,0.004102445900570379,29.296875,0.004033363624556788,1.141507174167138e-05,1.9181736173331355e-05,162.0,0.000476575048239696,0.0002501228226575991,0.0001996073751408259,0.0001106356840984482,7.69276857959237e-05,0.00019496306971298938,108.0,0.00026310168804031847,0.00018817147725060004,0.00017688143854192287,0.00028781512611943686,0.0001996073751408259,0.0001106356840984482,72.0,0.0005160580638351938,0.0003136731785762837,0.00014646091481172347,0.0003389611327591251,0.00017688143854192287,0.00028781512611943686,12.0,0.0005867207900455656,0.000496224861625813,0.020739953130011545,0.005943367110145088,0.029694964061401673,0.007021389419633089
healthy,/Users/ec/Desktop/automation/hidayet/BitirmeCod/demo_data/healthy/healthy_demo.csv,2,2048,4096,0.00525209190774488,0.1486653655546278,0.02210139091549112,0.14875811031637406,0.2742398281377895,0.5420902546710216,-0.031222033208588382,1.679881717208035,1.8435285817663647,1.1434450010203667,2.107973541058916,2.3641234651790985,45.320141588272165,-123.67546486888003,29.296875,1967.7709211421645,1982.062931911734,0.004032539755286679,29.296875,0.003965826785904282,1.2397650585983381e-05,1.8676590732515336e-05,162.0,0.0004518494921746585,0.00016189529205642202,0.0002652780366679896,0.0002389922271037788,0.00018509400329720896,0.000264537959441563,108.0,0.00027116504263705857,0.00028577288763571255,0.00020541405101346064,0.00012807639953298889,0.0002652780366679896,0.0002389922271037788,72.0,0.0006897938967303257,0.00029173048965118773,0.00042441688239044445,0.00035626605412446543,0.00020541405101346064,0.00012807639953298889,12.0,0.0002716197230493326,0.0002863625231319382,0.02024439352973379,0.00534330329806183,0.02957393851327149,0.00713109433094191
healthy,/Users/ec/Desktop/automation/hidayet/BitirmeCod/demo_data/healthy/healthy_demo.csv,3,3072,5120,-0.004769608872637502,0.14802682624163963,0.021911941287172568,0.14810364767949002,0.2745128431732018,0.5419062191339116,0.0389410292384997,1.6832289056755019,1.8535184478863946,1.1432929376642664,2.119114551298948,2.376177276743166,44.92224605382761,-123.0527004397464,29.296875,1955.811713969051,1968.446435020387,0.0040920536596946,29.296875,0.004024052641203062,1.142008468543557e-05,1.9679602929550435e-05,162.0,0.00032211230066351123,0.00016440517942413192,0.0003031924050726661,0.00014956879216974187,0.00033499106913048896,0.00014363341474325482,108.0,0.00022774915486579867,0.0003313699307874983,0.0003670867749398162,0.00030230562664544105,0.0003031924050726661,0.00014956879216974187,72.0,0.0007095652581545647,0.0002836950096827526,0.00011109694178053886,0.00025344020277019805,0.0003670867749398162,0.00030230562664544105,12.0,0.00031724993679084176,0.00029548092285946217,0.020985956972634084,0.005149739783286759,0.02941430779488902,0.007264690705518621
healthy,/Users/ec/Desktop/automation/hidayet/BitirmeCod/demo_data/healthy/healthy_demo.csv,4,4096,6144,0.004017204647258859,0.14767519778300803,0.021807964040250538,0.14772982763622414,0.2745128431732018,0.5405239306317027,-0.041154884252466134,1.6997656956918512,1.8582086472690758,1.1446303292968147,2.126961975825791,2.387778823341732,44.69576084158155,-121.32302885185592,29.296875,1975.7520508784366,1974.8897328136652,0.0040887224482064975,29.296875,0.0040198420934563035,1.2353074713238073e-05,1.9942831664265883e-05,162.0,0.0003421843929514805,0.00040364573377561357,0.0005212038436549478,0.0002154066800454316,0.0004142313064521965,0.00016008832760582093,108.0,0.00021241156512285882,0.00016318448219193948,0.00015279817343281292,0.00029508747781696804,0.0005212038436549478,0.0002154066800454316,72.0,0.0010463753641377495,0.0001418243385228495,0.00015112501862576364,0.00030467572060568674,0.00015279817343281292,0.00029508747781696804,12.0,0.0004872259195816694,0.0006195969582049401,0.020712728685279635,0.005303060378800397,0.02969913445525861,0.007210515042383231
healthy,/Users/ec/Desktop/automation/hidayet/BitirmeCod/demo_data/healthy/healthy_demo.csv,5,5120,7168,-0.0037302972613153518,0.1484101929852597,0.022025585381922026,0.14845706618271765,0.2693486923252594,0.5358285028909942,0.03687280640582302,1.7035291659063247,1.814320458103025,1.1470704484869245,2.081153381575239,2.341746486119337,45.13689702313944,-120.6473275915651,29.296875,2018.9514119279415,1989.426402939133,0.0040399597787007975,29.296875,0.0039647700081737085,1.3428528489210548e-05,2.2167100862261475e-05,162.0,0.00037024208952676573,0.00013738817802810607,0.00044426637977329345,0.00021406650437024688,0.00018508567380811828,4.351848159599933e-05,108.0,0.00037033056349716005,0.0002941825599736017,6.25268297768686e-05,0.00026939787431114534,0.00044426637977329345,0.00021406650437024688,72.0,0.0010783040710061421,0.0003613596465285489,0.0005003044210874266,0.000363906834163871,6.25268297768686e-05,0.00026939787431114534,12.0,0.0001984508359500078,0.000505704368127632,0.020055582779407412,0.005228574785649755,0.02964290774220514,0.0073998391773181516
healthy,/Users/ec/Desktop/automation/hidayet/BitirmeCod/demo_data/healthy/healthy_demo.csv,6,6144,8192,0.0012360370920268416,0.145730586394921,0.021237403811007534,0.14573582812301306,0.2924707676998189,0.5648368950992952,-0.018926800206147936,1.7576997175516653,2.0068556336946153,1.1554604396569632,2.3188422928368335,2.6202211663360924,43.49733191413843,-113.44238834462556,29.296875,2002.6671101749234,2019.2523948877822,0.004020517232083237,29.296875,0.0039558065479310565,1.1682574931263692e-05,1.4379585937832088e-05,162.0,0.0003490787666869037,0.00034607024025239765,0.00036988280291898383,0.00040032888484116966,0.00012383771066284857,9.442118653133643e-05,108.0,0.0003989741582305678,0.00029733572206827965,4.669257184839587e-05,0.00040072971120434526,0.00036988280291898383,0.00040032888484116966,72.0,0.0006919946210038649,0.0002941168375483411,0.00022621813871793195,0.00019415356204551795,4.669257184839587e-05,0.00040072971120434526,12.0,0.00024080849897716695,0.0004651338987712978,0.020352901416271257,0.0047167866021859805,0.029367350614688648,0.007183127134454405
healthy,/Users/ec/Desktop/automation/hidayet/BitirmeCod/demo_data/healthy/healthy_demo.csv,7,7168,9216,-0.0013296592783524127,0.1463873304934845,0.02142925052900866,0.14639336912170978,0.2924707676998189,0.574740055870113,0.01775109184144058,1.7532385433138113,1.9978416335009137,1.1545407142144093,2.306589506429427,2.604774108056441,43.89072593470499,-111.01895994457571,29.296875,1993.4599023542069,1995.4696470049507,0.004107668349125106,29.296875,0.004041856174571647,1.061614488026757e-05,1.89998971739727e-05,162.0,0.0001669122082990504,0.00021150215823299447,9.944447291427577e-05,0.0003254570531784322,0.00021980346546836418,0.00023261500800158747,108.0,0.0002797424378709664,0.00030742531683641643,0.0003070953846300801,0.0001288293733303513,9.944447291427577e-05,0.0003254570531784322,72.0,0.0008271600665572923,0.0003558084510486164,0.00012720215943777183,0.00020398201161813214,0.0003070953846300801,0.0001288293733303513,12.0,0.00031396050536584765,0.0002454038899040022,0.020720122998688306,0.0056902317365799355,0.02978896235118724,0.007359387150143674
healthy,/Users/ec/Desktop/automation/hidayet/BitirmeCod/demo_data/healthy/healthy_demo.csv,8,8192,10240,-0.001160849830194488,0.1457450107014187,0.021241608144356654,0.14574963367598875,0.2822692881702942,0.5600315092500965,0.01316357219083422,1.7543897240690167,1.9366723678894302,1.1546153934875218,2.236111728107065,2.5236234860695004,43.5055733077707,-115.1169287717794,29.296875,2033.6501828728226,1993.4660431944963,0.004061769206936337,29.296875,0.0039856569393342655,1.3731167488690451e-05,2.074097452330812e-05,162.0,0.0006497535308640236,0.00022022326404714997,0.00020120632701687102,0.00033819778454939717,0.00026037146213543123,0.00012328294448826375,108.0,0.0005344242854165461,0.00022640081951074613,6.994560197046464e-05,0.00021660626695369837,0.00020120632701687102,0.00033819778454939717,72.0,0.0008873264776258238,0.0006283928322261833,0.00033127680150698045,0.00047601109963620075,6.994560197046464e-05,0.00021660626695369837,12.0,0.00033077461500708794,0.0004036921947691564,0.020300874156076124,0.005098618472599709,0.02949681491958233,0.007428719087379647
healthy,/Users/ec/Desktop/automation/hidayet/BitirmeCod/demo_data/healthy/healthy_demo.csv,9,9216,11264,0.0031649132161831184,0.14746546275420297,0.021746062705311223,0.14749942162929722,0.2804966532088283,0.5582588742886305,-0.04395100840300181,1.7133401159841566,1.9016796819297788,1.145651602713922,2.1786623754513528,2.4432041403266997,44.55645057224129,-116.4526578547583,29.296875,1964.5268085345856,1961.7811913430226,0.004061777987624537,29.296875,0.003992313677335313,1.4143705648715817e-05,2.093224577925637e-05,162.0,0.00033399131245824565,0.00028386431216767777,0.0002736429754157929,0.0004096161036091537,0.00017128212824606815,0.00018561262091262197,108.0,0.0002938083292938794,0.00014750750352494237,0.00017768456479653886,0.0003281175257920535,0.0002736429754157929,0.0004096161036091537,72.0,0.0008076750094648166,0.0003032323953981475,0.00018744244693679886,0.0001204574240830268,0.00017768456479653886,0.0003281175257920535,12.0,0.00021878871138096618,0.00048309582254584037,0.02081041871422561,0.00523457928302265,0.029189621485362482,0.007411059470676128
healthy,/Users/ec/Desktop/automation/hidayet/BitirmeCod/demo_data/healthy/healthy_demo.csv,10,10240,12288,-0.0033651252815231156,0.1460058086754106,0.02131769616696061,0.14604458303929302,0.2804966532088283,0.5466709464686834,0.0531100246181976,1.7301240389387713,1.9206234655985917,1.1499442540022344,2.208609918366959,2.4913861104837056,43.681833441527715,-119.08352889408975,29.296875,1984.860124852078,1975.2456892554014,0.003984798479232145,29.296875,0.003914460050223099,1.3544383390395031e-05,1.919709138486364e-05,162.0,0.00025093944377552516,0.0003639786600973413,0.0004587790634826709,0.00013538341525625377,0.00019312887144260488,0.00012902064536491804,108.0,0.00012510423100219205,0.0002829243008710386,0.0003057381741633824,0.0003472299738794868,0.0004587790634826709,0.00013538341525625377,72.0,0.0005996669542057702,0.0002306059268494896,0.00027830800580838877,0.00016719293762545556,0.0003057381741633824,0.0003472299738794868,12.0,0.0001717183672550337,0.00045444692190053427,0.019837405247623875,0.005324315851645585,0.029504612575180368,0.006950759154323466
healthy,/Users/ec/Desktop/automation/hidayet/BitirmeCod/demo_data/healthy/healthy_demo.csv,11,11264,13312,0.00432745733572854,0.14776163266682144,0.021833500088364675,0.14782498765552873,0.2740051908370916,0.5445615109453883,-0.012644656187985295,1.7034614852424783,1.8535783102894352,1.1463007441000486,2.12475819633249,2.3874004399120423,44.753360845531596,-119.51257311310005,29.296875,1982.7280027430345,2004.595525307393,0.004025899407319461,29.296875,0.003962860222886784,1.0946931109088824e-05,1.6354524836910073e-05,162.0,0.0004344726971550032,0.0004285122284805829,0.0002572631577321117,0.00018611436502969617,0.000293391817462865,0.00017809045243128617,108.0,0.00012363372005729805,0.0003161850890148024,0.0001488128002993873,0.00034444625035432683,0.0002572631577321117,0.00018611436502969617,72.0,0.0009044041257670334,0.0001323091447199039,0.0002983258315650766,0.000418604129475627,0.0001488128002993873,0.00034444625035432683,12.0,0.000483594904894282,0.00017109468584012528,0.020707083354647365,0.005062124281540413,0.029278713402259605,0.007577936884374376
healthy,/Users/ec/Desktop/automation/hidayet/BitirmeCod/demo_data/healthy/healthy_demo.csv,12,12288,14336,-0.004858951956605204,0.1479072745465972,0.021876561863802477,0.14798706456281602,0.2740051908370916,0.5445615109453883,0.033437461548668765,1.6981431761874377,1.851548252859524,1.14379441797801,2.1177905562376607,2.371061812427685,44.85155077717826,-118.90321086688971,29.296875,1982.3452110841263,1980.6247094627918,0.00401880789789578,29.296875,0.003947696190170993,1.2063168742764444e-05,2.1935030554012492e-05,162.0,0.0005786896679899127,0.00020672189185078733,0.0005009208627805338,0.00012573918279894865,0.00012203773062960808,0.0002468675100465246,108.0,0.0002609922000247088,0.00014837332359855668,0.0004790857830314074,0.00022331614434165548,0.0005009208627805338,0.00012573918279894865,72.0,0.0008232493677064394,0.00029586457262902516,0.00024020403127769476,0.0003436476529668555,0.0004790857830314074,0.00022331614434165548,12.0,0.00016314609552156762,0.0002391459981628124,0.020556615726710872,0.005664396808255455,0.02915918191765006,0.007365787719862005
healthy,/Users/ec/Desktop/automation/hidayet/BitirmeCod/demo_data/healthy/healthy_demo.csv,13,13312,15360,0.0031908755802460735,0.14585318246967544,0.021273150836532435,0.14588808218460153,0.2675577314468312,0.5315732283570318,-0.03509032623391389,1.7080357149096217,1.8339930681128105,1.1451262778572513,2.1001536557040232,2.353648338628946,43.58826500813014,-124.88950508575095,29.296875,2019.174422036458,1994.0391461144993,0.004019576640712132,29.296875,0.003949792161527861,1.0722398781565708e-05,1.96268070549221e-05,162.0,0.0003395849403394295,0.000330516358137352,0.00015518497808193825,0.00030060282462420054,0.0001264054713628982,0.00022719894788723505,108.0,0.00024514187129496867,0.0002712148883043716,0.00025430357298609146,0.00025532198297958627,0.00015518497808193825,0.00030060282462420054,72.0,0.0005704383068035054,0.00030022223888114577,0.00031691066579871184,0.0002606651755255674,0.00025430357298609146,0.00025532198297958627,12.0,0.0006470171370263478,0.0005580922427422808,0.020545636585829974,0.005213083394253943,0.029364670218498496,0.007072127481033698
healthy,/Users/ec/Desktop/automation/hidayet/BitirmeCod/demo_data/healthy/healthy_demo.csv,14,14336,16384,-0.003433934895846492,0.14738173695292706,0.021721376387261782,0.14742173617255597,0.2696786314265837,0.5336941283367843,0.0461449563714762,1.7022251930808716,1.8293003354059474,1.1452993769523425,2.0950965343991426,2.3488638973122558,44.50952867047567,-124.17280324115526,29.296875,1946.9805287825664,1981.0499369457102,0.004054652890116909,29.296875,0.003988329812328575,1.3294966283487756e-05,1.7082854408181165e-05,162.0,0.00024001112984393402,0.00039850597730669245,0.00038137128669421435,0.0002687275239802554,0.0002308203547609312,0.000614702158788137,108.0,0.00032015289912146785,0.00036500337960400944,0.00014824343662697692,0.00010318464782134848,0.00038137128669421435,0.0002687275239802554,72.0,0.0006165760846070496,0.00042469318865727103,0.00034980949477096413,0.00020572817966345896,0.00014824343662697692,0.00010318464782134848,12.0,0.00019474842276329465,0.00037879796107926294,0.020611220473252093,0.005205958469749128,0.029477677793913262,0.007291999147041722
healthy,/Users/ec/Desktop/automation/hidayet/BitirmeCod/demo_data/healthy/healthy_demo.csv,15,15360,17408,0.0014807179465882968,0.14588359192572642,0.02128202239315187,0.14589110637317554,0.2801545086014653,0.5528737734905322,-0.003849946452270303,1.7451508146686947,1.920298745866364,1.1544407839448863,2.2168711895863473,2.506857895926572,43.590072153680325,-117.72248844099808,29.296875,1986.7102029783111,1988.3085691464407,0.004053221008396627,29.296875,0.003983797645675036,1.2659465703237636e-05,1.925577564700394e-05,162.0,0.0004559633881386686,0.00020670240736385284,0.0003701127272367871,0.00030300919933745943,0.0003517393332920593,0.0003616890530241305,108.0,8.903793323162603e-05,0.0003045910502058249,0.0002783020454495521,0.0003112469575837228,0.0003701127272367871,0.00030300919933745943,72.0,0.0006301339450996512,0.00036003097177783643,0.000515068733466384,0.0003318156471173896,0.0002783020454495521,0.0003112469575837228,12.0,0.00024333805370773182,0.00011103475379958964,0.020451425464585376,0.005248388675561089,0.029483707888038096,0.007186569950049602
healthy,/Users/ec/Desktop/automation/hidayet/BitirmeCod/demo_data/healthy/healthy_demo.csv,16,16384,18432,0.0018524943368952405,0.14632117179478857,0.02140988531540003,0.14633289804643473,0.2801545086014653,0.5528737734905322,0.010814572354390078,1.7390250343903924,1.9145011978958137,1.1525074212406043,2.2064768385489524,2.491998613615961,43.8544733197686,-117.35343396469862,29.296875,1988.9037565682268,1972.7741736049088,0.004063250885919408,29.296875,0.003993928290683568,1.2687182218274819e-05,2.260126018157164e-05,162.0,0.0004360174760771067,0.00032031948067259814,0.00028143221057361185,0.0002652369331777464,2.0934607752779638e-05,0.0005051396616149728,108.0,3.3266421863438974e-05,0.00024016505345442305,0.00011331783427814394,0.00019982901094261173,0.00028143221057361185,0.0002652369331777464,72.0,0.0008129138345241862,0.00019162808003563502,0.00019109378930527344,0.00018534578123140385,0.00011331783427814394,0.00019982901094261173,12.0,0.00022503829439057965,0.00024097471135596271,0.020243884739297724,0.0050799288096842286,0.029823799086881375,0.006947260054027899
healthy,/Users/ec/Desktop/automation/hidayet/BitirmeCod/demo_data/healthy/healthy_demo.csv,17,17408,19456,-0.00043686857470336647,0.14622720002773068,0.02138239402794996,0.14622785262083804,0.2861941044259479,0.552810423663286,0.04105635327824645,1.742223212996091,1.9571791508696759,1.1532720646803474,2.2571600402728,2.5490555285303467,43.79153383854393,-117.75781553221918,29.296875,1957.2459333017896,1976.4445718662294,0.00406706725008436,29.296875,0.004001909329541341,1.260488883245637e-05,1.7390914791957735e-05,162.0,0.00036110143026373595,0.00012222428148779552,0.0004772257693832811,0.0005046767404663548,0.0002922510015460204,0.00010536370384617805,108.0,0.00029794888379365705,0.00012391826661666265,0.0001547659608723177,0.0002510874928457628,0.0004772257693832811,0.0005046767404663548,72.0,0.0009980242567578946,0.0003233934040255498,0.00012880558363197232,0.0003966170964754946,0.0001547659608723177,0.0002510874928457628,12.0,0.0004589205373932344,0.0006932747717941698,0.020661793639500315,0.004986470078659704,0.029321763695422585,0.007689864602504358
healthy,/Users/ec/Desktop/automation/hidayet/BitirmeCod/demo_data/healthy/healthy_demo.csv,18,18432,20480,0.006079924194368886,0.14903076186238268,0.022210167981282218,0.1491547299266486,0.2861941044259479,0.5545517450977048,-0.032916579197207495,1.6931488975311386,1.918773240155995,1.1459478218150676,2.1988140151138023,2.476498221949484,45.56212932503857,-116.92215337920254,29.296875,2000.3558784608822,1976.0974207669678,0.004137900607860334,29.296875,0.004060562675839946,1.573888397695412e-05,1.9672915721916305e-05,162.0,0.00019441588751018904,0.00021710167957614008,0.0002059456137495524,0.00029459053958958515,0.0004943389452056072,0.0003085073186332875,108.0,0.00030574965779324415,0.0001771307827281041,0.00021747075280557023,0.00023860059207113236,0.0002059456137495524,0.00029459053958958515,72.0,0.0007283169621308511,0.00023968952844878174,0.00015296245155146213,0.0002976205179228958,0.00021747075280557023,0.00023860059207113236,12.0,0.00037326547752320453,0.0004421357151313985,0.020765805300619968,0.005504038393552752,0.029965203436830658,0.0072225247430160126
healthy,/Users/ec/Desktop/automation/hidayet/BitirmeCod/demo_data/healthy/healthy_demo.csv,19,19456,21504,-0.0030358474972329045,0.14813264800598575,0.021943281405265275,0.14816375324380698,0.2739601550818095,0.5423177957535663,0.04871519199034059,1.707658693592716,1.8490362796830715,1.146301152772938,2.1195524189196897,2.383768484591051,44.95871544379746,-119.57644224690483,29.296875,1927.1505610462025,1964.6559584822728,0.004107085322006787,29.296875,0.0040401429407517135,1.326097465279578e-05,1.843358882806689e-05,162.0,0.0003439969371994762,0.00016137339799172205,0.0005682566838006773,0.0005193021359694081,0.0002882802962378301,7.982673537637665e-05,108.0,0.0003487436513320782,0.0001852108777870066,0.0003985880399537545,0.0003695014010065716,0.0005682566838006773,0.0005193021359694081,72.0,0.0007840660524071833,0.000594192127261473,0.00043428682217689453,0.00044190496680175597,0.0003985880399537545,0.0003695014010065716,12.0,0.00021877567491144912,0.00021839680860081281,0.020699182125870415,0.004781968322266844,0.029710455618972103,0.007394234818637842
healthy,/Users/ec/Desktop/automation/hidayet/BitirmeCod/demo_data/healthy/healthy_demo.csv,20,20480,22528,0.004035111685374866,0.14822965210827177,0.021972029764139277,0.1482845638981102,0.2725969957251923,0.540303486516801,-0.03754943206411577,1.6921871408643205,1.8383369688600903,1.143576054412135,2.1022781375289856,2.355647171582532,45.03206275164719,-121.31661293138811,29.296875,1950.4358761252477,1952.9138391489084,0.004041707096180888,29.296875,0.0039721505051269305,1.2964427119901528e-05,2.2349751579240737e-05,162.0,0.00021766487456983732,0.00018131806689343036,0.00024936905465241865,0.0003296585210757995,0.00012498234623624615,0.000117352941665337,108.0,0.00045646100639203335,0.0005013767429747335,0.0003195135679683145,0.00025498374405291815,0.00024936905465241865,0.0003296585210757995,72.0,0.0007018588857580743,0.00026173499093050276,0.0005092492547116804,0.0003006638348335824,0.0003195135679683145,0.00025498374405291815,12.0,5.528237029938334e-05,0.00015893110570956587,0.020428293019988292,0.004925377954663169,0.02948489478679661,0.0071525301825706425
healthy,/Users/ec/Desktop/automation/hidayet/BitirmeCod/demo_data/healthy/healthy_demo.csv,21,21504,23552,-0.00445492131721591,0.1484266448666929,0.022030468906383376,0.14849348548110103,0.2725969957251923,0.540303486516801,0.022748036658582035,1.6868017065036556,1.8357505370825584,1.1427149729363053,2.097739625300104,2.3477061520333273,45.15904559170757,-121.50175397810155,29.296875,2024.293228853963,2028.067833943927,0.004045690090687325,29.296875,0.003980267154275568,1.0506624756636977e-05,1.544658978364112e-05,162.0,0.00027438005912096557,0.00011337398245530235,0.000318640145095612,0.0002579468253685552,0.00020484864007444103,0.00012244634061929838,108.0,0.0004870005916815503,0.0002964536815915534,0.0003539514611723894,0.0003408073712972244,0.000318640145095612,0.0002579468253685552,72.0,0.0006714461617536859,0.0004361253046382897,0.00011369870128023299,0.0003789820051255698,0.0003539514611723894,0.0003408073712972244,12.0,0.0002266995560124611,0.00026678690346363315,0.020720328021751697,0.005111594476249648,0.029424330671547438,0.007154803948632338
inner,/Users/ec/Desktop/automation/hidayet/BitirmeCod/demo_data/inner/inner_demo.csv,0,0,2048,0.04436332463146786,0.22077912907546557,0.048743423835321084,0.22519220325685807,1.0879951517137147,1.3661213120872824,1.6785674786370093,7.610608999646397,4.83140684259272,1.399753930218648,6.7627807164044285,8.146664170269212,103.85721017892472,-29.69119076439755,29.296875,1491.7799682326252,1508.3853498760116,0.009093035590750174,164.0625,0.005919333470348607,0.0024855831598446874,0.0006501948781645784,162.0,0.01987793294460683,0.02459661239075896,0.019460600413378482,0.021987446409682154,0.02025775676082907,0.02147719333623044,108.0,6.046619282496974e-05,0.002578824414027733,8.704333313051971e-05,0.0006416189088781597,0.019460600413378482,0.021987446409682154,72.0,0.0006293764634158742,0.0005640213416281259,0.0008324823722299826,0.0026365505831645398,8.704333313051971e-05,0.0006416189088781597,12.0,0.00011931339710178634,0.0006813069873004896,0.020732311531599146,0.005297124185190216,0.029241395484531925,0.007406946393751582
inner,/Users/ec/Desktop/automation/hidayet/BitirmeCod/demo_data/inner/inner_demo.csv,1,1024,3072,0.0406251236612223,0.2207819099587995,0.04874465176505545,0.2244884238386137,1.086782543226889,1.3649087036004564,1.699449161490824,7.598515193143448,4.841151827090133,1.3985861910649253,6.770768094216994,8.1520002707439,103.20906739209228,-29.037975509171286,29.296875,1514.3224487117934,1525.4346155459295,0.009162789791042299,164.0625,0.005960711261624509,0.002479193945006011,0.0006800953496682294,162.0,0.019924803062452843,0.02479673296919032,0.019113176352515446,0.022114147074994085,0.02012547837971784,0.02115552659559777,108.0,0.0002680859438493323,0.002016505496410846,0.00017019189267767834,0.0004090935977927126,0.019113176352515446,0.022114147074994085,72.0,0.0005145743291079764,0.0005775872083814283,0.000466060268573793,0.002538144125797034,0.00017019189267767834,0.0004090935977927126,12.0,0.0005867677224949267,0.00034258167232361167,0.020739765661747095,0.005805778070488054,0.02969480710237425,0.0073341457992802984
inner,/Users/ec/Desktop/automation/hidayet/BitirmeCod/demo_data/inner/inner_demo.csv,2,2048,4096,0.04831849815774488,0.22224940093803303,0.04939479621731456,0.2274411428953314,1.1035404848562458,1.3713909113894778,1.6521230049877582,7.464190687697172,4.851982674762129,1.3925251510580587,6.7565079071042184,8.111422018946389,105.94196169018278,-30.590443428711623,29.296875,1495.0380639760526,1517.8716780851491,0.009039616431095986,164.0625,0.005876295936004801,0.0024787773671160643,0.0006461984589166452,162.0,0.01932496610090888,0.024645556615710017,0.01913569098202568,0.02174165502673409,0.020299827877029344,0.021098370462402934,108.0,0.00026985147384314695,0.0021534646602408914,0.0002134054681698875,0.0004504122099669482,0.01913569098202568,0.02174165502673409,72.0,0.0006887017711748926,0.00043340391312006796,0.0007735544571047283,0.002029590205350614,0.0002134054681698875,0.0004504122099669482,12.0,0.00027204179232150386,0.00019506870910869568,0.020244920729957868,0.005711045708691073,0.02957456846887403,0.007297199529656375
inner,/Users/ec/Desktop/automation/hidayet/BitirmeCod/demo_data/inner/inner_demo.csv,3,3072,5120,0.038296797377362496,0.22138291647284625,0.049010395706023224,0.2246709602850043,1.1035404848562458,1.3780533280294476,1.6872495702871433,7.559350623476623,4.91180739805607,1.3884849761873372,6.81997077812667,8.16952438723694,103.37697872975048,-29.888614975626762,29.296875,1492.2474257941963,1506.0199844756164,0.009141152575856322,164.0625,0.0059423597852876,0.002485648922103674,0.0006724045348914817,162.0,0.019907715073901367,0.02461095786602057,0.019164877626407045,0.022258539142060513,0.01985073550604923,0.021328917264662895,108.0,0.00023073746705707147,0.0018875526097208572,0.0003605969324129368,0.00034837397919296317,0.019164877626407045,0.022258539142060513,72.0,0.0007106867653071808,0.0006474028346244988,0.00025315420480532765,0.0030298741557546953,0.0003605969324129368,0.00034837397919296317,12.0,0.0003170052242821775,0.00019124800142454105,0.020985689875099342,0.0048607104182381905,0.029414001425372257,0.007589056849036387
inner,/Users/ec/Desktop/automation/hidayet/BitirmeCod/demo_data/inner/inner_demo.csv,4,4096,6144,0.045628254251342634,0.2190269037956613,0.04797278458631387,0.2237291267858055,1.102992516332573,1.3775053595057747,1.6515034609008656,7.573625097962796,4.93003540566517,1.3890158619858899,6.847897378620963,8.209227506896891,102.51207100895033,-29.333963693322332,29.296875,1501.1842642877211,1515.03690041661,0.009162064985092318,164.0625,0.005965652177643206,0.002484880306865389,0.0006703636338837324,162.0,0.019979530330768214,0.024483834474669626,0.019689265688589464,0.022005705417027295,0.019808249743259326,0.021120842581200054,108.0,0.00020909074173725857,0.002284118319938982,0.0001469326581552274,0.0006713041162878259,0.019689265688589464,0.022005705417027295,72.0,0.0010472813204536954,0.00046721487421168956,0.0004056533821812137,0.002600903946324298,0.0001469326581552274,0.0006713041162878259,12.0,0.00048695051109834387,0.0005189297144770166,0.0207122505905312,0.005697675020278283,0.029698561768425724,0.007139298618072053
inner,/Users/ec/Desktop/automation/hidayet/BitirmeCod/demo_data/inner/inner_demo.csv,5,5120,7168,0.03779802305118465,0.22040286662008174,0.048577423614349545,0.2236204690115094,1.0908362606854898,1.3573160712512244,1.6679156802490618,7.488268535022918,4.878069818507295,1.3860415573279952,6.761207487998542,8.110754919617069,102.41252180157937,-29.82341472133897,29.296875,1529.2836406417214,1542.3417082314832,0.009056193184360607,164.0625,0.0059089713701125255,0.0024447608922469532,0.0006585531215367626,162.0,0.019793936523317082,0.024749911649194312,0.019148261923655506,0.022003805330340128,0.020245555514924875,0.021150094720353715,108.0,0.00037327395608142787,0.001982199935423233,6.736353331690018e-05,0.0002484187621111671,0.019148261923655506,0.022003805330340128,72.0,0.0010766675271188728,0.0003102416727779409,0.0007141053465668377,0.0020780722484136163,6.736353331690018e-05,0.0002484187621111671,12.0,0.00019903087058481314,0.0005290190988561823,0.0200560889921415,0.004784371115536804,0.02964347346761929,0.007220445753290407
inner,/Users/ec/Desktop/automation/hidayet/BitirmeCod/demo_data/inner/inner_demo.csv,6,6144,8192,0.04421971405044307,0.22036855933679003,0.04856230194417235,0.22476139582872165,1.106709055990668,1.3790751833901445,1.7128933237215458,7.740332302750963,4.923928559484612,1.4113650148514987,6.949460504484717,8.425713199601416,103.4602189923846,-28.163198032394412,29.296875,1508.1213986254104,1540.817500324953,0.00906346148150181,164.0625,0.005919686399530157,0.0024563124014687354,0.0006455484343715872,162.0,0.020102883934713635,0.02459416220981087,0.019351817114027423,0.022102859136450617,0.02029008662868654,0.02095415787572732,108.0,0.00039977345327227347,0.0022028291043844754,5.2990890311549716e-05,0.000764105233112585,0.019351817114027423,0.022102859136450617,72.0,0.0006918329548728943,0.0004270206211094278,0.00029806373231700586,0.0025608358975698397,5.2990890311549716e-05,0.000764105233112585,12.0,0.00024091525009920753,0.000549898069563833,0.020353035440188655,0.00513986314443915,0.029367603151017514,0.007312902254004695
inner,/Users/ec/Desktop/automation/hidayet/BitirmeCod/demo_data/inner/inner_demo.csv,7,7168,9216,0.04173674697164759,0.22057241145491416,0.048652188695035944,0.22448640213342827,1.106709055990668,1.3889783441609622,1.7127188147634824,7.734657759992163,4.929960324870243,1.4065696418008466,6.934332528245123,8.392252260323064,103.20720843327749,-28.335339925774175,29.296875,1508.8255202874145,1525.6469855989212,0.009168012465477026,164.0625,0.005983717497408544,0.002471343121151671,0.0006735924036282218,162.0,0.019710403888148206,0.02495054839610564,0.01920314806041436,0.022138411603321376,0.020388455709037055,0.02105467184704753,108.0,0.00027547064407248696,0.002450142580974996,0.0003144248978622495,0.00043569393461994,0.01920314806041436,0.022138411603321376,72.0,0.0008285576875983017,0.0007981835051676129,0.00023685522970401908,0.002468574970157168,0.0003144248978622495,0.00043569393461994,12.0,0.00031355702811094137,0.0001856971410858238,0.020719882795854065,0.005319241186556419,0.029788590111069078,0.007365659824550272
inner,/Users/ec/Desktop/automation/hidayet/BitirmeCod/demo_data/inner/inner_demo.csv,8,8192,10240,0.041905556419805506,0.22067610627175466,0.04869794387926275,0.22461972205956507,1.1052631256126335,1.3875324137829277,1.7168641567349407,7.69448672374502,4.920596978209856,1.4074309976354753,6.925400714004002,8.363923924579481,103.3298320140621,-28.780071110566034,29.296875,1529.8106874026464,1540.6972625576864,0.009151560299626965,164.0625,0.005962407219205813,0.0024801477714113626,0.0006642090961373149,162.0,0.020134612919144534,0.024864317534039972,0.019237057910175062,0.021953022050097973,0.020396238009824624,0.02120243853835921,108.0,0.0005392935439525715,0.0023556035976488913,6.227497637265092e-05,0.00011353649536615076,0.019237057910175062,0.021953022050097973,72.0,0.0008860954674040118,0.0008318403555815398,0.0006158964390197782,0.002794878654821943,6.227497637265092e-05,0.00011353649536615076,12.0,0.00033126558898218065,0.00046615861269013814,0.020300716882333904,0.005569156176122768,0.02949662453157516,0.007681529542035553
inner,/Users/ec/Desktop/automation/hidayet/BitirmeCod/demo_data/inner/inner_demo.csv,9,9216,11264,0.04623131946618311,0.2226332088727027,0.04956554569295646,0.22738267434556383,1.1058208471760729,1.3795844622875657,1.6923758681710614,7.651167076279637,4.863259042751456,1.400667751016022,6.8118101060190135,8.180965053065487,105.88749945352343,-29.026648209055356,29.296875,1495.7616367164608,1506.3304924096203,0.00915277757195574,164.0625,0.005944156031238271,0.0024970450927840372,0.0006736131370800357,162.0,0.019632906671978652,0.02504611789352889,0.019288461012326726,0.021937806616544618,0.020348316498944558,0.021300022855968256,108.0,0.000287935780487671,0.0023965620808661403,0.00017164003297736889,0.0006901428631893753,0.019288461012326726,0.021937806616544618,72.0,0.0008062424763701478,0.0002438381080394954,0.0003628075027725986,0.002390327627107009,0.00017164003297736889,0.0006901428631893753,12.0,0.00021913084964567405,0.0002878519114417424,0.020810785839596817,0.005764085939324739,0.029190128015515744,0.007233858990868584
inner,/Users/ec/Desktop/automation/hidayet/BitirmeCod/demo_data/inner/inner_demo.csv,10,10240,12288,0.03893223799972688,0.21938719614685062,0.04813074183317671,0.2228148580971298,1.1058208471760729,1.3664434372306284,1.7233937851260697,7.722241266645611,4.962958290214298,1.4003032026150704,6.949646388232095,8.389511014907107,101.6759521051527,-29.63643138707443,29.296875,1495.1558814122504,1512.6244022098508,0.009108259168708643,164.0625,0.005879258123815168,0.002522306733250138,0.0006659884280302164,162.0,0.01950569504680563,0.02532108314739238,0.019643926850209655,0.0225537162912043,0.02035510267985797,0.021543831370053564,108.0,0.00012010648903926882,0.0022187851568205475,0.00030649655902048194,0.0003158075229638617,0.019643926850209655,0.0225537162912043,72.0,0.0006011130148603086,0.0002544023114708553,0.0003603741089634425,0.002341074557734327,0.00030649655902048194,0.0003158075229638617,12.0,0.00017154446162355043,0.00027596872010769214,0.019837534248839387,0.005015627649560608,0.029504707913228463,0.0072974728215889845
inner,/Users/ec/Desktop/automation/hidayet/BitirmeCod/demo_data/inner/inner_demo.csv,11,11264,13312,0.04585577764822854,0.21811782265444105,0.0475753845595142,0.2228859280063189,1.0930013528642974,1.367006543701389,1.6543683651903984,7.571516023281236,4.903859847236792,1.3893827331973254,6.813338197770471,8.175155867702207,101.74082437783136,-29.952349379243962,29.296875,1502.5427031007227,1527.6386627524298,0.009013851447085655,164.0625,0.005873980032800806,0.002445114603323576,0.000654994200421977,162.0,0.019330354100243235,0.0246508789263388,0.01933232246459338,0.021710038187180484,0.020280374811400742,0.020773347769084488,108.0,0.00012691972977327612,0.002049667064452447,0.0001467649174305285,0.0005908655624999854,0.01933232246459338,0.021710038187180484,72.0,0.000905076152898878,0.0005641237440071903,0.00039175950402848533,0.002308066064835952,0.0001467649174305285,0.0005908655624999854,12.0,0.0004829646546142181,0.00025578781302321136,0.0207063935910177,0.005359200244855369,0.029277930657537928,0.0073998651725046445
inner,/Users/ec/Desktop/automation/hidayet/BitirmeCod/demo_data/inner/inner_demo.csv,12,12288,14336,0.037438411324644795,0.22054509084736065,0.04864013709687056,0.22370018269859293,1.1008125377571742,1.3748177285942658,1.6941908486320312,7.644288181067023,4.920928201656307,1.3897402493144833,6.8388119858285075,8.191277782970847,102.48554852225813,-29.91201244016893,29.296875,1510.0522736930213,1520.6702215108319,0.009021628081480207,164.0625,0.005854421135433399,0.0024525288779402065,0.0006733538474834384,162.0,0.019631781921992976,0.024847506626996186,0.018905363349464657,0.022114116496416154,0.020272263406976625,0.021332344273205333,108.0,0.0002673979087228314,0.00213852233367403,0.0004849590381910585,0.0002894442491310018,0.018905363349464657,0.022114116496416154,72.0,0.0008217771783845311,0.00045671303556312685,0.0005801736380485377,0.00244341599887086,0.0004849590381910585,0.0002894442491310018,12.0,0.00016336747533941568,0.00014706417786856048,0.02055687476528941,0.005283203677521865,0.029159467218779034,0.007644559543452017
inner,/Users/ec/Desktop/automation/hidayet/BitirmeCod/demo_data/inner/inner_demo.csv,13,13312,15360,0.046257281830246064,0.2208188033200683,0.04876094389970702,0.22561179052086314,1.1008125377571742,1.3683702692040054,1.7083787731025382,7.718156376452767,4.879233196171891,1.4056344830461815,6.858418431362844,8.26516204337082,104.24459268511708,-29.53630284395092,29.296875,1522.5278906751116,1535.5664403947128,0.009095492712648713,164.0625,0.00586925881735832,0.002508211678159188,0.0006741652050623042,162.0,0.019488485195005845,0.024690223380894483,0.01926135516030752,0.02228606203556123,0.020310739470103395,0.021368003634485412,108.0,0.00024259497542129975,0.00208256553240274,0.00026094278678803187,7.796422279717134e-05,0.01926135516030752,0.02228606203556123,72.0,0.0005706048316887618,0.00047108444877333813,0.0005474761092913223,0.0023075317349961597,0.00026094278678803187,7.796422279717134e-05,12.0,0.0006472859169802831,0.0006339370852602731,0.020546030017081815,0.005693492401357565,0.02936517403494784,0.0075417872301522
inner,/Users/ec/Desktop/automation/hidayet/BitirmeCod/demo_data/inner/inner_demo.csv,14,14336,16384,0.03963247135415351,0.22091411356639462,0.048803045572825894,0.22444103537112745,1.090075863672739,1.3597544950993228,1.6924938203145712,7.556145471394819,4.8568474203936445,1.394067850354418,6.770774842847567,8.129432655782095,103.16549807813362,-29.92151567396798,29.296875,1493.2832999010927,1513.1281037563324,0.009136670447279678,164.0625,0.005891889788047515,0.0025309488924127547,0.0006709219189720391,162.0,0.019533933624222937,0.024943363334743465,0.01903723741512482,0.0222341388681345,0.019984191934571443,0.021994556080483608,108.0,0.00031898470548849284,0.0021747602198958884,0.00015004637994814768,0.0004058081701539858,0.01903723741512482,0.0222341388681345,72.0,0.0006178489715031899,0.00046894231213197583,0.00042522183358544263,0.0026155942523749193,0.00015004637994814768,0.0004058081701539858,12.0,0.00019434997262856275,0.00028084899380640034,0.020610869094578665,0.005274316400007759,0.029477252524598246,0.007592914054152772
inner,/Users/ec/Desktop/automation/hidayet/BitirmeCod/demo_data/inner/inner_demo.csv,15,15360,17408,0.044547124196588295,0.21988886788145673,0.04835111421818873,0.22435587911257193,1.0834111403879536,1.363565648989419,1.6946471177443174,7.61259400237695,4.8289848461887,1.4063362594041495,6.791176485308338,8.211363020738363,103.08722788838399,-29.657166994799606,29.296875,1511.7538505713028,1531.0125817085861,0.009087522665174133,164.0625,0.005915828765692444,0.002483922526200915,0.0006463943048471538,162.0,0.019431075091716293,0.024717227195649664,0.019420107159879834,0.021958294937439997,0.020405805647755522,0.021317771872899436,108.0,9.015694723484233e-05,0.002183719877930082,0.00028407552833985196,0.0004530463949175244,0.019420107159879834,0.021958294937439997,72.0,0.0006289391141710689,0.00030133719111828335,0.000596991763594895,0.0023538270597270932,0.00028407552833985196,0.0004530463949175244,12.0,0.00024346084239923476,0.00022553927218304674,0.02045133730460254,0.005140754500452939,0.029483517044990453,0.0075003907570357145
inner,/Users/ec/Desktop/automation/hidayet/BitirmeCod/demo_data/inner/inner_demo.csv,16,16384,18432,0.04483617129531146,0.2208445994336623,0.04877233709901476,0.22534999302293593,1.0834282056981583,1.3635827142996235,1.7041080745844683,7.614162021086151,4.807757884367398,1.40745291994634,6.766692872747932,8.193198781504151,104.00280443993555,-29.08646156924511,29.296875,1508.9422236144992,1514.8399672275755,0.0090628673723923,164.0625,0.005891865355738393,0.0024705706253736275,0.0006623754047809613,162.0,0.01947779286644085,0.024804159625367344,0.019062185866587093,0.021707404745538252,0.020167227899878532,0.02068064920199981,108.0,4.212789411187645e-05,0.0022260750270790787,0.0001074106023753948,0.0002702641250330868,0.019062185866587093,0.021707404745538252,72.0,0.000812002064474614,0.0005331908326024762,0.0003621101714744361,0.0022567604248839054,0.0001074106023753948,0.0002702641250330868,12.0,0.0002250549652341582,0.00011949977434075614,0.020244109953479507,0.005151109055990153,0.029824176957901568,0.0069243605664617205
inner,/Users/ec/Desktop/automation/hidayet/BitirmeCod/demo_data/inner/inner_demo.csv,17,17408,19456,0.04109145173779663,0.21781302177886613,0.04744251245644081,0.2216551823494332,1.1180765267782724,1.4042706312042204,1.7093437917184313,7.735761086057804,5.0442155916555835,1.4008049171911723,7.065962004163519,8.53228558564924,100.62032867811428,-28.889176859153647,29.296875,1486.9161729045093,1504.8622965266457,0.009042159714453707,164.0625,0.005872655844548088,0.002477600082133341,0.0006542292051554513,162.0,0.01940285709781862,0.02457182304904583,0.018836713937120716,0.02193745292626122,0.01990854228940676,0.021084681272488894,108.0,0.0003028320235130155,0.0020414173213371637,0.00014965022540344724,0.0003963305578506965,0.018836713937120716,0.02193745292626122,72.0,0.00099952494899974,0.00037404777162425366,0.0002505850894053603,0.002052581131138631,0.00014965022540344724,0.0003963305578506965,12.0,0.00045840120265253987,0.0007771413283936872,0.02066207618494764,0.005217394742342708,0.02932207304805877,0.0075502020527483575
inner,/Users/ec/Desktop/automation/hidayet/BitirmeCod/demo_data/inner/inner_demo.csv,18,18432,20480,0.04769097379845265,0.21853819629781523,0.04775894324110242,0.22368140786159924,1.1180765267782724,1.4042706312042204,1.6112060663760719,7.414556577634137,4.998522396059273,1.383273780507429,6.914324971747963,8.299583417401635,102.46834631259568,-28.4924664831152,29.296875,1521.4264167304848,1530.7661097137197,0.009112912780075652,164.0625,0.005976827356162273,0.0024256083094272717,0.000664420847046026,162.0,0.01977502210417102,0.024524603476352165,0.01913378694457843,0.021761624069979342,0.019981898975555242,0.02056318974682754,108.0,0.0003007957733246359,0.002441896749128006,0.0002132594628229802,0.00012588897980900625,0.01913378694457843,0.021761624069979342,72.0,0.0007293455047556156,0.0004241658037841573,0.0004745765194818436,0.0024730902539657615,0.0002132594628229802,0.00012588897980900625,12.0,0.0003728445678882777,0.0003139301155415552,0.02076533938591675,0.005669981763833861,0.029964607064465687,0.007606614575054716
inner,/Users/ec/Desktop/automation/hidayet/BitirmeCod/demo_data/inner/inner_demo.csv,19,19456,21504,0.040030558752767086,0.22110552422515806,0.04888765284288196,0.2247000188627956,1.115242774269761,1.3854637422355993,1.6742785001341118,7.473218424181925,4.963251805291307,1.3917081324311495,6.9073979007274975,8.313721543790988,103.40372168077454,-28.808088260248873,29.296875,1487.3857894789476,1506.9699942352152,0.009119005762790976,164.0625,0.005973865510872427,0.002431247151903222,0.0006730142842900593,162.0,0.019419631776634187,0.024589764134687678,0.01974408340927036,0.022287176935181566,0.019964018312611565,0.021012997270582034,108.0,0.0003491343018273378,0.0018368414453889743,0.00040517188361364223,0.0002264416953475917,0.01974408340927036,0.022287176935181566,72.0,0.0007826677989593482,0.000653731117030307,0.00028330888034840834,0.0023930908222598675,0.00040517188361364223,0.0002264416953475917,12.0,0.00021896323567367068,0.00016034478433017384,0.02069901685745769,0.00482858468741715,0.029710313818657623,0.007279392715210095
inner,/Users/ec/Desktop/automation/hidayet/BitirmeCod/demo_data/inner/inner_demo.csv,20,20480,22528,0.047101517935374856,0.22205324315360653,0.049307642795034703,0.2269938232350192,1.115242774269761,1.3878397699949534,1.6720644398603166,7.568913924166873,4.913097450740273,1.3955584893125417,6.856514856200395,8.230316341619096,105.52564897147114,-28.8930767695845,29.296875,1491.637263497944,1507.9095916734555,0.009044291430921848,164.0625,0.0059281408813957395,0.0024399763445809167,0.0006365800257937521,162.0,0.01969439991628258,0.024670608485200536,0.019366231221155644,0.021947532183752085,0.02030350670571543,0.020926124734671505,108.0,0.0004634801533191507,0.0026204713147834602,0.0003150901198580879,0.00044593298197827285,0.019366231221155644,0.021947532183752085,72.0,0.0007015740093375123,0.0004446067824469209,0.00044486514185377175,0.002263465907306818,0.0003150901198580879,0.00044593298197827285,12.0,5.5812030731560004e-05,0.0002896548855056911,0.020428854662145498,0.005141835477443762,0.029485550931065856,0.007359010721272521
inner,/Users/ec/Desktop/automation/hidayet/BitirmeCod/demo_data/inner/inner_demo.csv,21,21504,23552,0.03861148493278408,0.22161938556176383,0.049115152056773734,0.22495777120492716,1.0842009226947082,1.3567979184199006,1.6687501130156863,7.4779786019912,4.819575322459282,1.3857416520165293,6.678686269362823,7.983705691547412,103.64108559460016,-30.007363823183102,29.296875,1512.0111611664636,1546.1904503869262,0.009098472831336985,164.0625,0.005924076382915722,0.0025004138678062426,0.0006319378503898934,162.0,0.019702590590293376,0.024976070120512686,0.01928105909619197,0.022341821053096733,0.020388066018401037,0.021426571380512696,108.0,0.0004903449484641403,0.002095119694218873,0.00034655232703286343,0.00011017072296857555,0.01928105909619197,0.022341821053096733,72.0,0.0006729330376793668,0.0009061007766318631,0.0002858228439338906,0.002736964849427974,0.00034655232703286343,0.00011017072296857555,12.0,0.000226431412030487,0.0001725587876600672,0.02071998051424905,0.004908240930066276,0.029423967148170437,0.007364571241453516
outer,/Users/ec/Desktop/automation/hidayet/BitirmeCod/demo_data/outer/outer_demo.csv,0,0,2048,0.030520551193967863,0.20095615136970363,0.04038337477332324,0.2032606179723629,1.0785528401878453,1.3566790005614129,1.5947553092017916,8.10758166466107,5.306255835227732,1.3526560145127322,7.1775388700640725,8.489523047623099,84.61287182030203,-33.993076449943544,29.296875,1471.3629177819164,1509.4747360354602,0.007493868760640605,216.796875,0.0051386279537619095,0.0017976252828540177,0.0005208025575399352,162.0,0.0003690483047986185,0.0014568370008266602,0.013064635690778417,0.014937186268590773,9.698943041923819e-05,0.0008074298306619215,108.0,0.01245502970801656,0.015950612231796817,0.013874931196537599,0.017665639326447703,0.013064635690778417,0.014937186268590773,72.0,0.0006407728881944592,0.007792040090386175,0.0005799159495905703,0.003991270446065574,0.013874931196537599,0.017665639326447703,12.0,0.00011860504052172932,0.0005428193111264033,0.020731865999871767,0.0050889952720358745,0.02924039256849719,0.007394075579653062
outer,/Users/ec/Desktop/automation/hidayet/BitirmeCod/demo_data/outer/outer_demo.csv,1,1024,3072,0.025244264286222298,0.1993603666795983,0.03974455580262389,0.20095230449531185,1.086782543226889,1.3649087036004564,1.639850217506348,8.315406478555065,5.40816163296223,1.3503753578448905,7.303048200394378,8.626595309573636,82.70198514068792,-33.85601466927956,29.296875,1496.0211365127732,1527.406833603704,0.007576538957706208,216.796875,0.0052067213657041944,0.0017867562980168573,0.0005429795902141747,162.0,0.00047016948356185006,0.0015074769089882378,0.012718597776098376,0.015071183096769369,7.603941840555878e-05,0.0006415470858385287,108.0,0.012609435297052066,0.016139399819391085,0.013982789495981631,0.017574339266755744,0.012718597776098376,0.015071183096769369,72.0,0.0005213299372871487,0.008140838543330827,0.00013864718907964473,0.0037004569946043294,0.013982789495981631,0.017574339266755744,12.0,0.0005870444496036625,0.00015782086430698197,0.0207414110293743,0.0055436947486029765,0.029697190981711235,0.007096350773438346
outer,/Users/ec/Desktop/automation/hidayet/BitirmeCod/demo_data/outer/outer_demo.csv,2,2048,4096,0.032937638782744874,0.19912871751127686,0.039652246137685906,0.20183442269907403,1.086782543226889,1.354632969760121,1.5130774873411497,7.806573909230328,5.384525239518892,1.3339349641672855,7.182606482435477,8.43733487813807,83.42965081347788,-35.68944180016613,29.296875,1481.4230883565099,1522.2836237513484,0.007468857490043639,216.796875,0.005136347048751523,0.0017797397265829147,0.0005147015922282851,162.0,0.0004488367952490292,0.0014974725310679174,0.012740609631140504,0.014768008309995917,0.00018714182703192942,0.0005933667369867453,108.0,0.01256302850958199,0.016092331570018457,0.014037001475705456,0.017157166206307008,0.012740609631140504,0.014768008309995917,72.0,0.0007178025444712277,0.008030905921176395,0.0004312959571301247,0.004301003194921859,0.014037001475705456,0.017157166206307008,12.0,0.00027106441361787954,0.00024221649995141063,0.020243637204472226,0.005346404659785681,0.02957302782668318,0.007057939025534994
outer,/Users/ec/Desktop/automation/hidayet/BitirmeCod/demo_data/outer/outer_demo.csv,3,3072,5120,0.02445402393986249,0.20122906334615948,0.04049313593517266,0.20270948478555226,1.102992516332573,1.3775053595057747,1.5977205573049766,7.9882170573306945,5.441247692476927,1.3397831588289981,7.290092021397734,8.570356325641729,84.15464493470523,-34.57001968340039,29.296875,1468.3819043456651,1504.1614981780317,0.007551540114856179,216.796875,0.0052008064044313015,0.0017673285354444005,0.000546314234501614,162.0,0.0003231958572054476,0.001284282387326056,0.012768859928682966,0.015091325416164151,0.00034153879607480846,0.0009132686905908991,108.0,0.012550250485644131,0.01639571984016302,0.014203798011794114,0.017299456159104325,0.012768859928682966,0.015091325416164151,72.0,0.0007186755033192799,0.00790717481571429,0.00012676926013555886,0.0038939398871305577,0.014203798011794114,0.017299456159104325,12.0,0.00031630431991205334,0.00024596662638548186,0.020984606046642564,0.004647290573046202,0.02941241586356231,0.007367554370481825
outer,/Users/ec/Desktop/automation/hidayet/BitirmeCod/demo_data/outer/outer_demo.csv,4,4096,6144,0.03324083745975886,0.2036053812217641,0.0414551512624599,0.20630100469335091,1.102992516332573,1.3775053595057747,1.6329837040890045,8.25520260054465,5.3465203331029745,1.3571181376157315,7.255859717185349,8.581034069591535,87.16309409277133,-33.21128858558785,29.296875,1480.909203540828,1519.532892870029,0.007577883882966917,216.796875,0.0052088794217274035,0.0018065905613535644,0.0005223905906659833,162.0,0.00034284112627982083,0.0011754000148972903,0.013293082517224688,0.01490764595337173,0.00040791418219031475,0.000818289270962393,108.0,0.012527193595191909,0.016177881609469896,0.013795609315670986,0.01750211146241015,0.013293082517224688,0.01490764595337173,72.0,0.0010402641016540027,0.007958969368071693,0.00016891734774853356,0.0034190518659914684,0.013795609315670986,0.01750211146241015,12.0,0.00048802191790333645,0.0004241549419793049,0.020714458078704732,0.005427819074242613,0.029701612008595033,0.006891661665037194
outer,/Users/ec/Desktop/automation/hidayet/BitirmeCod/demo_data/outer/outer_demo.csv,5,5120,7168,0.02395524961368465,0.2009758505909167,0.040391292520742465,0.20239848444293354,1.0895835681459969,1.3560633787117315,1.605551003292994,8.096366632340782,5.383358334648035,1.342949293908106,7.229577274369896,8.531117363977119,83.89662004182304,-34.462601799735474,29.296875,1507.8094230813329,1536.7668455978396,0.007550142894089121,216.796875,0.005163115874954619,0.0017896109466933256,0.0005550105596598073,162.0,0.00036623891077672694,0.001348513505795093,0.01275281976257898,0.015090454144492057,0.0001835571684424634,0.0006058319309058884,108.0,0.012625882672677807,0.016185845699862315,0.013955980216482021,0.017722384722649632,0.01275281976257898,0.015090454144492057,72.0,0.0010660308994139942,0.008125646244428502,0.00048383282850809195,0.003508043298460712,0.013955980216482021,0.017722384722649632,12.0,0.0001988457190108655,0.000530305125071455,0.020055617296208104,0.004729180692014776,0.029642663359680254,0.007141376694057666
outer,/Users/ec/Desktop/automation/hidayet/BitirmeCod/demo_data/outer/outer_demo.csv,6,6144,8192,0.02892158396702684,0.19762276010943589,0.03905475531327165,0.1997278481645297,1.0758576206394566,1.348223748038933,1.6069078203450635,8.293317979578028,5.386617993066234,1.3564141925720214,7.306485095758859,8.670778892825936,81.69720490482366,-34.52464804801659,29.296875,1501.5485435367013,1543.9593404500658,0.007461724144411272,216.796875,0.00511747371777666,0.0017823642712872585,0.0005182063456794639,162.0,0.0003479291200745321,0.0016503759380115347,0.012957974447710493,0.015125067199739403,0.00012352238812357997,0.00068620796668908,108.0,0.01216915857116735,0.016409844907366643,0.013969781798842562,0.01727061744838657,0.012957974447710493,0.015125067199739403,72.0,0.0006750192785553644,0.007603483433734945,0.0002506792548892376,0.0035698579114831295,0.013969781798842562,0.01727061744838657,12.0,0.00024225511370089031,0.0005164129092067742,0.02035183153945203,0.004531942340171323,0.0293657345483694,0.0070875994982151904
outer,/Users/ec/Desktop/automation/hidayet/BitirmeCod/demo_data/outer/outer_demo.csv,7,7168,9216,0.026707237210633873,0.1991076650590193,0.039643862285254614,0.20089086291984432,1.1052631256126335,1.3875324137829277,1.6248169524701794,8.258215348418805,5.501808840622258,1.3565575959663887,7.463520574301154,8.863968759826284,82.651420271984,-33.16631687871628,29.296875,1489.842412518145,1529.4143012819234,0.007527338660227663,216.796875,0.005230122303274156,0.0017328748260846802,0.0005268091327269821,162.0,0.00017089370832154777,0.0011351233470946092,0.012807641885871753,0.014762846240774619,0.00022456366876542376,0.0006692083779974887,108.0,0.012398882527198764,0.01611429350380117,0.014217174826573507,0.0170445142372038,0.012807641885871753,0.014762846240774619,72.0,0.0008124812055506814,0.007895041083752802,0.00012204434718442261,0.003784452239808254,0.014217174826573507,0.0170445142372038,12.0,0.0003140767629342641,0.00032186858202681607,0.020721197297783298,0.0052727564129389625,0.029790949642005234,0.007279607103975506
outer,/Users/ec/Desktop/automation/hidayet/BitirmeCod/demo_data/outer/outer_demo.csv,8,8192,10240,0.02806278298230551,0.20029444830555154,0.04011786602202526,0.20225079928330872,1.1052631256126335,1.3875324137829277,1.6368113557051893,8.210816208683953,5.46481462386907,1.3609208532515804,7.437180180777609,8.830213973348236,83.77423014038985,-33.44773099915078,29.296875,1524.1693695093577,1547.2386965708174,0.007529815802061664,216.796875,0.005132097179750063,0.001811090831979945,0.0005410330303812793,162.0,0.0006477286369881009,0.001303490003143601,0.012841438562706897,0.014799006682304666,0.000254486274877983,0.0008985372785115581,108.0,0.011981885073932781,0.016565528880444064,0.014014935485160432,0.01724880077499903,0.012841438562706897,0.014799006682304666,72.0,0.0008737417059985628,0.007440944924999545,0.00032124506356809713,0.003202479288424116,0.014014935485160432,0.01724880077499903,12.0,0.0003322047102366942,0.0005019202847743733,0.02030035375912917,0.005103374897522421,0.029496071585900292,0.0073897683045037466
outer,/Users/ec/Desktop/automation/hidayet/BitirmeCod/demo_data/outer/outer_demo.csv,9,9216,11264,0.03203719641469683,0.2010807839697374,0.040433481681884195,0.20361695321362136,1.1058208471760729,1.386317500384901,1.5654611886102952,7.959292811799336,5.430887898690436,1.3465405570036895,7.312910816127216,8.618122868091085,84.90980072652404,-33.025030801763556,29.296875,1482.1703319895812,1512.8819813299783,0.007459426297960839,216.796875,0.00514769829236066,0.001756625599832052,0.0005173656445070569,162.0,0.0003278363313753264,0.0013244595874575538,0.012893527680192854,0.014692330726731215,0.0001762563899415252,0.000937683125151372,108.0,0.012261244053001297,0.01596149974109655,0.013925270080827522,0.01703101598536331,0.012893527680192854,0.014692330726731215,72.0,0.0008177704726645938,0.007550680417343142,0.0001749315382063749,0.003784181347757889,0.013925270080827522,0.01703101598536331,12.0,0.00021907509461551933,0.00048076964063993073,0.020809749528012657,0.005513243420490321,0.02918829757219661,0.007197967866557674
outer,/Users/ec/Desktop/automation/hidayet/BitirmeCod/demo_data/outer/outer_demo.csv,10,10240,12288,0.024320421593476877,0.19852044138130295,0.03941036564622734,0.2000046213283878,1.1058208471760729,1.386317500384901,1.6273230763883406,8.177388397424249,5.528976479800556,1.3486873917643083,7.456860867668419,8.83744097782645,81.92378583595377,-34.113643133999254,29.296875,1482.9837804394056,1525.0047409609476,0.0074646641784957,216.796875,0.005122384980872115,0.0017878048508811238,0.0005145479976531789,162.0,0.000251776798607972,0.001566176487867458,0.013248632588542121,0.015311318753475515,0.00019187738764415893,0.0006267617271879358,108.0,0.012332041533065583,0.0166249332073243,0.014252034623809896,0.017273813038946945,0.013248632588542121,0.015311318753475515,72.0,0.0006077384145214399,0.007639585834747928,0.0002577480916523053,0.003883814352444687,0.014252034623809896,0.017273813038946945,12.0,0.00017049003182340568,0.00029752121080390176,0.019839016812425225,0.0048077177936587095,0.02950698368432834,0.0069755004207109825
outer,/Users/ec/Desktop/automation/hidayet/BitirmeCod/demo_data/outer/outer_demo.csv,11,11264,13312,0.03201300421072853,0.19871308748636515,0.03948689113836382,0.20127524332853242,1.0792162717035985,1.35322146254069,1.5444204431456157,7.92398039572836,5.361892768610608,1.3405104843218023,7.187673472131776,8.476555140863518,82.96800988561395,-34.85722099496006,29.296875,1484.2013805032955,1531.1149307612413,0.007426259758041412,216.796875,0.005131967444634849,0.0017357444467904035,0.0005198109677955992,162.0,0.00043465116366212886,0.0014421442044565745,0.012937228694673512,0.014708680394014578,0.0002929056783125494,0.00047158213375468556,108.0,0.012456386139756546,0.015855302932506837,0.013856099839096418,0.016962011419860683,0.012937228694673512,0.014708680394014578,72.0,0.0009211459847599638,0.007814867260839143,0.00030820307086926397,0.0034554096544978474,0.013856099839096418,0.016962011419860683,12.0,0.0004826242009306027,0.00013971501310325015,0.02070626725810536,0.005263804623984368,0.029277694933525222,0.007463912955702252
outer,/Users/ec/Desktop/automation/hidayet/BitirmeCod/demo_data/outer/outer_demo.csv,12,12288,14336,0.02436468085589479,0.2009205005311617,0.040369047533692554,0.20239240402471176,1.0792162717035985,1.35322146254069,1.5845280221306972,7.921364546538872,5.332296322602246,1.3407949070669218,7.149515752316767,8.41218013705484,83.89157930373563,-34.36541219760723,29.296875,1482.5343975730984,1525.9940155254808,0.007469638127826576,216.796875,0.005143182142998465,0.0017625761264508728,0.0005251832281690078,162.0,0.0005801233751867434,0.0013455811100371868,0.012511308385058225,0.015096366440620958,0.00012704894918720382,0.0007960938858836398,108.0,0.012647445450662357,0.016423349196679503,0.014427118693698202,0.017296791665330297,0.012511308385058225,0.015096366440620958,72.0,0.0008380978186858987,0.008169035987868759,0.00025208250279522103,0.0035623607962142526,0.014427118693698202,0.017296791665330297,12.0,0.00016235161838494197,0.00040289891823743845,0.02055526729411278,0.004938942450913991,0.029157359012635855,0.007342489661161045
outer,/Users/ec/Desktop/automation/hidayet/BitirmeCod/demo_data/outer/outer_demo.csv,13,13312,15360,0.032414508392746066,0.20113802689303953,0.04045650586242509,0.2037331740703229,1.090075863672739,1.3576335951195702,1.6234073046884157,8.179737265671323,5.350507440170131,1.3568233351826995,7.259693349891484,8.580597362331732,85.00675833194188,-34.30296155017807,29.296875,1504.2702647997908,1539.13301348752,0.007448487167182211,216.796875,0.00510040396014056,0.0017755340590409636,0.000531601053059673,162.0,0.0003434228820427487,0.001266044947638368,0.01286538433348797,0.01507294066995504,0.00011971120157485401,0.0005995752737568142,108.0,0.012562040507759295,0.016363238802540515,0.01376661572012955,0.017471268459203486,0.01286538433348797,0.01507294066995504,72.0,0.0005772049977419647,0.007942713222615054,0.000306497384236104,0.00396812598641412,0.01376661572012955,0.017471268459203486,12.0,0.0006479653695102089,0.0004800155732300853,0.02054724851549029,0.005615892869184318,0.029367081664560056,0.006942717244353204
outer,/Users/ec/Desktop/automation/hidayet/BitirmeCod/demo_data/outer/outer_demo.csv,14,14336,16384,0.024251611979153508,0.1997557114409514,0.03990234425328064,0.20122247622188746,1.090075863672739,1.3597544950993228,1.6152878708936398,8.125052058751532,5.417266918386967,1.3427166623848068,7.273854555904175,8.560169472480538,82.92451315070579,-35.17395711746947,29.296875,1475.083388173445,1512.645774303782,0.007523154717082119,216.796875,0.005152843983836662,0.001801133228642348,0.0005295754880150947,162.0,0.00023645787452324216,0.0012812735077082952,0.012642612035829108,0.015156463808267772,0.00022797744222431457,0.0007175093949689027,108.0,0.012086009039481423,0.016503511056778,0.014091632957070045,0.01733600328190064,0.012642612035829108,0.015156463808267772,72.0,0.0006179264212914612,0.007565237775696163,0.0003771350104484872,0.0039400409682315875,0.014091632957070045,0.01733600328190064,12.0,0.0001951519026728857,0.00046577882500460134,0.02061114855985675,0.004969315009099612,0.029477262971792373,0.007143555655447921
outer,/Users/ec/Desktop/automation/hidayet/BitirmeCod/demo_data/outer/outer_demo.csv,15,15360,17408,0.029166264821588295,0.1980483890754687,0.03922316441538823,0.2001845034437762,1.0834111403879536,1.363565648989419,1.6183185677527836,8.315462108485216,5.412062980650449,1.3562334646852805,7.340020927342506,8.717678559023748,82.07121493817598,-34.64175666778506,29.296875,1488.9458146565664,1528.928165461691,0.007513282361730464,216.796875,0.005165122725277235,0.0017810191236491,0.0005279106798932665,162.0,0.0004516740477278807,0.0016542622812836054,0.013026121814332055,0.01507838651427755,0.00035207455070915896,0.0007681058867890716,108.0,0.012397997535037161,0.016071551903680953,0.014192117639305642,0.017004212585172825,0.013026121814332055,0.01507838651427755,72.0,0.0006252514905339639,0.0077601611116743345,0.000498052281393321,0.003559686263928987,0.014192117639305642,0.017004212585172825,12.0,0.000242478442917415,0.00018173083368008263,0.020450605636092318,0.0050353140410811705,0.029482349341395712,0.007239531718037192
outer,/Users/ec/Desktop/automation/hidayet/BitirmeCod/demo_data/outer/outer_demo.csv,16,16384,18432,0.030993397857811467,0.20125471534320075,0.04050346044787276,0.2036272357977816,1.0834111403879536,1.363565648989419,1.648076823415114,8.28377020273715,5.320561054336901,1.3616411176485037,7.2446947005443985,8.61678763809555,84.91837677290569,-33.90907376660035,29.296875,1485.6212017118253,1514.5634676670184,0.007484566474122392,216.796875,0.005155069625277224,0.0017586563140929482,0.0005335067750542873,162.0,0.0004344074998993738,0.0015836051422878851,0.012666609088872767,0.01450024008273561,2.5886765206110284e-05,0.0007342244806232784,108.0,0.012408153366004992,0.016184156775480817,0.01406233506077863,0.016922549250156085,0.012666609088872767,0.01450024008273561,72.0,0.0007965560962886511,0.007864838343103382,0.0001841262472804202,0.0038707725467739666,0.01406233506077863,0.016922549250156085,12.0,0.00022568563974667972,0.00011292882660699222,0.020245005899020622,0.005161622743467815,0.02982584081327482,0.006824001376836377
outer,/Users/ec/Desktop/automation/hidayet/BitirmeCod/demo_data/outer/outer_demo.csv,17,17408,19456,0.02878676423779663,0.19967038138858506,0.03986826120386301,0.2017348234667121,1.1180765267782724,1.4042706312042204,1.6225385331128905,8.134827115281094,5.542308003966228,1.354955698189742,7.5095818110966555,8.910553509372287,83.34733107024998,-32.86255820708062,29.296875,1475.8584615859963,1515.1609518880682,0.0074348332097425125,216.796875,0.005138607530456412,0.001751330969423513,0.0005064400076783563,162.0,0.00035780934328657256,0.0012466378666883987,0.01244149341779055,0.014759353492469368,0.00028530607174256136,0.0007327588850669594,108.0,0.012308406217233512,0.01594757642264942,0.013812367973905573,0.016848658968841048,0.01244149341779055,0.014759353492469368,72.0,0.0009824468912516904,0.00793457699871449,0.00015387301458478245,0.003397755031293141,0.013812367973905573,0.016848658968841048,12.0,0.0004601004312984494,0.0008642169879988542,0.0206610170168656,0.005081551690149229,0.029320702107355268,0.007270839817951571
outer,/Users/ec/Desktop/automation/hidayet/BitirmeCod/demo_data/outer/outer_demo.csv,18,18432,20480,0.03384820036095265,0.19896271386618444,0.039586161508997186,0.2018213620424567,1.1180765267782724,1.4042706312042204,1.5196977278268675,7.891474705907221,5.539931528868907,1.33633376874536,7.403197578564631,8.729565315444738,83.41885373782505,-33.345608343533954,29.296875,1512.7964176283722,1536.928190875748,0.007544740792401147,216.796875,0.005232261994779346,0.001733953806717656,0.0005331092083725806,162.0,0.0001991416875839638,0.001543567098809365,0.012738419693323302,0.014721468091764646,0.0004960658778036105,0.0008677338979531847,108.0,0.012460805125604983,0.0160043434782799,0.014162819644451676,0.01671204524645833,0.012738419693323302,0.014721468091764646,72.0,0.0007272954863279624,0.008069144353822819,0.00015304921476504225,0.0037096340632355035,0.014162819644451676,0.01671204524645833,12.0,0.00037332416887853384,0.0006576341596695137,0.020765080867128506,0.005709776229483357,0.02996391202571156,0.007259578324739537
outer,/Users/ec/Desktop/automation/hidayet/BitirmeCod/demo_data/outer/outer_demo.csv,19,19456,21504,0.024649699377767086,0.20005298936714466,0.040021198554730894,0.20156588559115152,1.115242774269761,1.3854637422355993,1.6168724040863627,8.183329367308122,5.532894472688085,1.3421597512158896,7.42602826896681,8.758284613266683,83.20779516752934,-33.61501949229824,29.296875,1470.855055745461,1506.243748490456,0.007530894968981011,216.796875,0.005212774363339647,0.0017411402055807325,0.0005385573011389813,162.0,0.000342322845981449,0.0013610394067214279,0.013349175535553495,0.015268609152859651,0.00028820091538538854,0.00035273610871294726,108.0,0.012047821616960493,0.016019684237879382,0.014215737706129772,0.017391292746985143,0.013349175535553495,0.015268609152859651,72.0,0.0007912844672348568,0.007780194637691474,0.00044451077760276745,0.0033308580412792603,0.014215737706129772,0.017391292746985143,12.0,0.00021742619529076433,9.78895626867905e-05,0.020700916073196275,0.004709263452838021,0.029712927137152234,0.007272063682703327
outer,/Users/ec/Desktop/automation/hidayet/BitirmeCod/demo_data/outer/outer_demo.csv,20,20480,22528,0.031720658560374856,0.19933577286731852,0.0397347503446112,0.20184387660792458,1.115242774269761,1.3878397699949534,1.5558368326369045,8.062695672328712,5.525274251624117,1.3390379264391106,7.398551776902166,8.693801951581085,83.43746667338769,-33.96866851147131,29.296875,1477.0725647063107,1503.1286806125356,0.007491491594626882,216.796875,0.005146647695207698,0.001775780450288678,0.0005317744249687777,162.0,0.00021149132647687308,0.0013985665206534407,0.012971375615456091,0.015091504079491178,0.00012828117612694414,0.0005484080245503006,108.0,0.012344446957655054,0.016370833666939585,0.014076141111031573,0.017374089786735034,0.012971375615456091,0.015091504079491178,72.0,0.0007174181257093766,0.007942871670052604,0.0004869249815750904,0.0038738349822808596,0.014076141111031573,0.017374089786735034,12.0,5.451854987211198e-05,0.0001661986583375996,0.020427477762946254,0.00503310852819467,0.02948375936836885,0.007090187060568089
outer,/Users/ec/Desktop/automation/hidayet/BitirmeCod/demo_data/outer/outer_demo.csv,21,21504,23552,0.024768711495284083,0.20151140318856,0.0406068456150224,0.2030279160218097,1.077877109550754,1.3504741052759464,1.5948087653647482,8.011079497323575,5.309009375020951,1.339721581166413,7.1125944343303775,8.355091713510038,84.41924543315764,-34.966541435405595,29.296875,1508.2934131953905,1552.0720878260324,0.007501050392810433,216.796875,0.005163225036051013,0.0017733302454186381,0.0005210146114125949,162.0,0.0002749997922585589,0.0014242155195004764,0.012885542525320745,0.015003200592398359,0.0001979049694118957,0.0007355621796554301,108.0,0.012251232295180537,0.016629364181576647,0.014260997536534935,0.017631851691760913,0.012885542525320745,0.015003200592398359,72.0,0.0006883138861474495,0.00785152945046801,0.00012709183099365984,0.0032199552528934558,0.014260997536534935,0.017631851691760913,12.0,0.00022584153747839036,0.00017688594925751366,0.020719018192190776,0.004911090806552332,0.029422630727161014,0.007135058068727474
